representatives	mappedID	sequencingID	representative_age	clustered_bins	clustered_sequencingID	cluster_age
E100079703_L01_UDB-100_SB_131	A0002	E100079703_L01_UDB-100	M	E100079703_L01_UDB-100_SB_131	E100079703_L01_UDB-100	M
E100079703_L01_UDB-100_SB_52	A0005	E100079703_L01_UDB-100	M	E100079703_L01_UDB-100_SB_52	E100079703_L01_UDB-100	M
E100079703_L01_UDB-100_SB_52	A0005	E100079703_L01_UDB-100	M	E150024856_L01_UDB-59_SB_250	E150024856_L01_UDB-59	M
E100079703_L01_UDB-100_SB_95	A0006	E100079703_L01_UDB-100	M	E100079703_L01_UDB-100_SB_95	E100079703_L01_UDB-100	M
E100079703_L01_UDB-100_vae_10416	A0007	E100079703_L01_UDB-100	M	E100079703_L01_UDB-100_vae_10416	E100079703_L01_UDB-100	M
E100079703_L01_UDB-100_vae_10416	A0007	E100079703_L01_UDB-100	M	E150024856_L01_UDB-58_SB_176	E150024856_L01_UDB-58	M
E100079703_L01_UDB-100_vae_10416	A0007	E100079703_L01_UDB-100	M	E150024856_L01_UDB-61_SB_104	E150024856_L01_UDB-61	M
E100079703_L01_UDB-100_vae_10416	A0007	E100079703_L01_UDB-100	M	E150024856_L01_UDB-59_SB_73	E150024856_L01_UDB-59	M
E100079703_L01_UDB-100_vae_10416	A0007	E100079703_L01_UDB-100	M	E150024856_L01_UDB-63_SB_53	E150024856_L01_UDB-63	M
E100079703_L01_UDB-100_vae_10416	A0007	E100079703_L01_UDB-100	M	E150024856_L01_UDB-64_SB_124	E150024856_L01_UDB-64	M
E100079703_L01_UDB-100_vae_20890	A0008	E100079703_L01_UDB-100	M	E150024856_L01_UDB-50_vae_23537	E150024856_L01_UDB-50	I
E100079703_L01_UDB-100_vae_20890	A0008	E100079703_L01_UDB-100	M	E150024856_L01_UDB-8_vae_14241	E150024856_L01_UDB-8	I
E100079703_L01_UDB-100_vae_20890	A0008	E100079703_L01_UDB-100	M	E150024856_L01_UDB-57_SB_76	E150024856_L01_UDB-57	I
E100079703_L01_UDB-100_vae_20890	A0008	E100079703_L01_UDB-100	M	E150024856_L01_UDB-186_vae_5802	E150024856_L01_UDB-186	I
E100079703_L01_UDB-100_vae_20890	A0008	E100079703_L01_UDB-100	M	E150024856_L01_UDB-44_SB_32	E150024856_L01_UDB-44	I
E100079703_L01_UDB-100_vae_20890	A0008	E100079703_L01_UDB-100	M	E150024856_L01_UDB-54_aae_z_19088	E150024856_L01_UDB-54	I
E100079703_L01_UDB-100_vae_20890	A0008	E100079703_L01_UDB-100	M	E150024856_L01_UDB-49_aae_z_2629	E150024856_L01_UDB-49	I
E100079703_L01_UDB-100_vae_20890	A0008	E100079703_L01_UDB-100	M	E100079703_L01_UDB-136_aae_z_900	E100079703_L01_UDB-136	I
E100079703_L01_UDB-100_vae_20890	A0008	E100079703_L01_UDB-100	M	E150024856_L01_UDB-45_SB_14	E150024856_L01_UDB-45	I
E100079703_L01_UDB-100_vae_20890	A0008	E100079703_L01_UDB-100	M	E100079703_L01_UDB-100_vae_20890	E100079703_L01_UDB-100	M
E100079703_L01_UDB-100_vae_779	A0009	E100079703_L01_UDB-100	M	E100079703_L01_UDB-100_vae_779	E100079703_L01_UDB-100	M
E100079703_L01_UDB-100_vae_779	A0009	E100079703_L01_UDB-100	M	E150024856_L01_UDB-61_vae_4038	E150024856_L01_UDB-61	M
E100079703_L01_UDB-100_vae_9795	A0010	E100079703_L01_UDB-100	M	E150024856_L01_UDB-43_SB_6	E150024856_L01_UDB-43	I
E100079703_L01_UDB-100_vae_9795	A0010	E100079703_L01_UDB-100	M	E100079703_L01_UDB-100_vae_9795	E100079703_L01_UDB-100	M
E100079703_L01_UDB-101_aae_z_10557	A0011	E100079703_L01_UDB-101	M	E100079703_L01_UDB-144_aae_z_1206	E100079703_L01_UDB-144	I
E100079703_L01_UDB-101_aae_z_10557	A0011	E100079703_L01_UDB-101	M	E100079703_L01_UDB-120_aae_z_619	E100079703_L01_UDB-120	I
E100079703_L01_UDB-101_aae_z_10557	A0011	E100079703_L01_UDB-101	M	E150024856_L01_UDB-20_aae_z_15637	E150024856_L01_UDB-20	I
E100079703_L01_UDB-101_aae_z_10557	A0011	E100079703_L01_UDB-101	M	E100079703_L01_UDB-143_vae_4959	E100079703_L01_UDB-143	I
E100079703_L01_UDB-101_aae_z_10557	A0011	E100079703_L01_UDB-101	M	E100079703_L01_UDB-138_vae_5006	E100079703_L01_UDB-138	I
E100079703_L01_UDB-101_aae_z_10557	A0011	E100079703_L01_UDB-101	M	E100079703_L01_UDB-101_aae_z_10557	E100079703_L01_UDB-101	M
E100079703_L01_UDB-101_aae_z_10557	A0011	E100079703_L01_UDB-101	M	E100079703_L01_UDB-125_aae_z_18844	E100079703_L01_UDB-125	M
E100079703_L01_UDB-101_aae_z_10557	A0011	E100079703_L01_UDB-101	M	E100079703_L01_UDB-123_vae_5533	E100079703_L01_UDB-123	M
E100079703_L01_UDB-101_aae_z_4270	A0012	E100079703_L01_UDB-101	M	E100079703_L01_UDB-101_aae_z_4270	E100079703_L01_UDB-101	M
E100079703_L01_UDB-101_aae_z_64750	A0013	E100079703_L01_UDB-101	M	E100079703_L01_UDB-101_aae_z_64750	E100079703_L01_UDB-101	M
E100079703_L01_UDB-101_aae_z_64750	A0013	E100079703_L01_UDB-101	M	E100079703_L01_UDB-122_vae_9019	E100079703_L01_UDB-122	M
E100079703_L01_UDB-101_aae_z_64750	A0013	E100079703_L01_UDB-101	M	E150024856_L01_UDB-58_SB_34	E150024856_L01_UDB-58	M
E100079703_L01_UDB-101_aae_z_64750	A0013	E100079703_L01_UDB-101	M	E150024856_L01_UDB-63_SB_46	E150024856_L01_UDB-63	M
E100079703_L01_UDB-101_aae_z_64750	A0013	E100079703_L01_UDB-101	M	E150024856_L01_UDB-59_SB_69	E150024856_L01_UDB-59	M
E100079703_L01_UDB-116_vae_10161	A0022	E100079703_L01_UDB-116	I	E100079703_L01_UDB-116_vae_10161	E100079703_L01_UDB-116	I
E100079703_L01_UDB-116_vae_10161	A0022	E100079703_L01_UDB-116	I	E100079703_L01_UDB-141_vae_7880	E100079703_L01_UDB-141	I
E100079703_L01_UDB-116_vae_10161	A0022	E100079703_L01_UDB-116	I	E100079703_L01_UDB-140_vae_47	E100079703_L01_UDB-140	I
E100079703_L01_UDB-116_vae_10161	A0022	E100079703_L01_UDB-116	I	E150024856_L01_UDB-177_vae_24491	E150024856_L01_UDB-177	I
E100079703_L01_UDB-116_vae_10161	A0022	E100079703_L01_UDB-116	I	E100079703_L01_UDB-105_vae_13333	E100079703_L01_UDB-105	I
E100079703_L01_UDB-116_vae_10161	A0022	E100079703_L01_UDB-116	I	E150024856_L01_UDB-54_SB_20	E150024856_L01_UDB-54	I
E100079703_L01_UDB-116_vae_10161	A0022	E100079703_L01_UDB-116	I	E150024856_L01_UDB-53_SB_12	E150024856_L01_UDB-53	I
E100079703_L01_UDB-116_vae_10161	A0022	E100079703_L01_UDB-116	I	E100079703_L01_UDB-129_vae_4587	E100079703_L01_UDB-129	I
E100079703_L01_UDB-117_aae_z_1133	A0023	E100079703_L01_UDB-117	I	E100079703_L01_UDB-117_aae_z_1133	E100079703_L01_UDB-117	I
E100079703_L01_UDB-117_aae_z_1133	A0023	E100079703_L01_UDB-117	I	E100079703_L01_UDB-120_vae_662	E100079703_L01_UDB-120	I
E100079703_L01_UDB-117_aae_z_1133	A0023	E100079703_L01_UDB-117	I	E150024856_L01_UDB-57_SB_57	E150024856_L01_UDB-57	I
E100079703_L01_UDB-120_vae_10745	A0025	E100079703_L01_UDB-120	I	E100079703_L01_UDB-120_vae_10745	E100079703_L01_UDB-120	I
E100079703_L01_UDB-120_vae_10745	A0025	E100079703_L01_UDB-120	I	E150024856_L01_UDB-161_aae_z_3906	E150024856_L01_UDB-161	I
E100079703_L01_UDB-120_vae_10745	A0025	E100079703_L01_UDB-120	I	E100079703_L01_UDB-119_vae_977	E100079703_L01_UDB-119	I
E100079703_L01_UDB-120_vae_10745	A0025	E100079703_L01_UDB-120	I	E150024856_L01_UDB-56_SB_12	E150024856_L01_UDB-56	I
E100079703_L01_UDB-120_vae_10745	A0025	E100079703_L01_UDB-120	I	E150024856_L01_UDB-57_SB_37	E150024856_L01_UDB-57	I
E100079703_L01_UDB-120_vae_10745	A0025	E100079703_L01_UDB-120	I	E150024856_L01_UDB-55_SB_15	E150024856_L01_UDB-55	I
E100079703_L01_UDB-120_vae_10745	A0025	E100079703_L01_UDB-120	I	E150024856_L01_UDB-45_SB_60	E150024856_L01_UDB-45	I
E100079703_L01_UDB-120_vae_10745	A0025	E100079703_L01_UDB-120	I	E150024856_L01_UDB-44_SB_38	E150024856_L01_UDB-44	I
E100079703_L01_UDB-120_vae_10745	A0025	E100079703_L01_UDB-120	I	E150024856_L01_UDB-58_SB_148	E150024856_L01_UDB-58	M
E100079703_L01_UDB-120_vae_11971	A0026	E100079703_L01_UDB-120	I	E100079703_L01_UDB-120_vae_11971	E100079703_L01_UDB-120	I
E100079703_L01_UDB-120_vae_11971	A0026	E100079703_L01_UDB-120	I	E150024856_L01_UDB-20_vae_12452	E150024856_L01_UDB-20	I
E100079703_L01_UDB-120_vae_11971	A0026	E100079703_L01_UDB-120	I	E150024856_L01_UDB-56_vae_46825	E150024856_L01_UDB-56	I
E100079703_L01_UDB-120_vae_12215	A0027	E100079703_L01_UDB-120	I	E100079703_L01_UDB-120_vae_12215	E100079703_L01_UDB-120	I
E100079703_L01_UDB-120_vae_12215	A0027	E100079703_L01_UDB-120	I	E100079703_L01_UDB-117_vae_39274	E100079703_L01_UDB-117	I
E100079703_L01_UDB-120_vae_12215	A0027	E100079703_L01_UDB-120	I	E150024856_L01_UDB-54_SB_6	E150024856_L01_UDB-54	I
E100079703_L01_UDB-120_vae_12215	A0027	E100079703_L01_UDB-120	I	E150024856_L01_UDB-177_vae_11772	E150024856_L01_UDB-177	I
E100079703_L01_UDB-120_vae_12215	A0027	E100079703_L01_UDB-120	I	E150024856_L01_UDB-58_SB_122	E150024856_L01_UDB-58	M
E100079703_L01_UDB-120_vae_12215	A0027	E100079703_L01_UDB-120	I	E100079703_L01_UDB-121_aae_z_17282	E100079703_L01_UDB-121	M
E100079703_L01_UDB-120_vae_12215	A0027	E100079703_L01_UDB-120	I	E100079703_L01_UDB-100_SB_12	E100079703_L01_UDB-100	M
E100079703_L01_UDB-120_vae_14578	A0028	E100079703_L01_UDB-120	I	E100079703_L01_UDB-120_vae_14578	E100079703_L01_UDB-120	I
E100079703_L01_UDB-120_vae_14578	A0028	E100079703_L01_UDB-120	I	E150024856_L01_UDB-57_SB_10	E150024856_L01_UDB-57	I
E100079703_L01_UDB-120_vae_14578	A0028	E100079703_L01_UDB-120	I	E150024856_L01_UDB-58_SB_66	E150024856_L01_UDB-58	M
E100079703_L01_UDB-120_vae_14578	A0028	E100079703_L01_UDB-120	I	E150024856_L01_UDB-63_SB_150	E150024856_L01_UDB-63	M
E100079703_L01_UDB-120_vae_784	A0029	E100079703_L01_UDB-120	I	E100079703_L01_UDB-120_vae_784	E100079703_L01_UDB-120	I
E100079703_L01_UDB-122_aae_z_20	A0030	E100079703_L01_UDB-122	M	E100079703_L01_UDB-130_vae_3810	E100079703_L01_UDB-130	I
E100079703_L01_UDB-122_aae_z_20	A0030	E100079703_L01_UDB-122	M	E150024856_L01_UDB-8_aae_z_10383	E150024856_L01_UDB-8	I
E100079703_L01_UDB-122_aae_z_20	A0030	E100079703_L01_UDB-122	M	E150024856_L01_UDB-7_vae_2233	E150024856_L01_UDB-7	I
E100079703_L01_UDB-122_aae_z_20	A0030	E100079703_L01_UDB-122	M	E150024856_L01_UDB-184_vae_4704	E150024856_L01_UDB-184	I
E100079703_L01_UDB-122_aae_z_20	A0030	E100079703_L01_UDB-122	M	E150024856_L01_UDB-166_vae_5867	E150024856_L01_UDB-166	I
E100079703_L01_UDB-122_aae_z_20	A0030	E100079703_L01_UDB-122	M	E150024856_L01_UDB-43_vae_5849	E150024856_L01_UDB-43	I
E100079703_L01_UDB-122_aae_z_20	A0030	E100079703_L01_UDB-122	M	E150024856_L01_UDB-45_vae_33221	E150024856_L01_UDB-45	I
E100079703_L01_UDB-122_aae_z_20	A0030	E100079703_L01_UDB-122	M	E100079703_L01_UDB-150_aae_z_13439	E100079703_L01_UDB-150	I
E100079703_L01_UDB-122_aae_z_20	A0030	E100079703_L01_UDB-122	M	E150024856_L01_UDB-186_vae_5868	E150024856_L01_UDB-186	I
E100079703_L01_UDB-122_aae_z_20	A0030	E100079703_L01_UDB-122	M	E150024856_L01_UDB-168_aae_z_3891	E150024856_L01_UDB-168	I
E100079703_L01_UDB-122_aae_z_20	A0030	E100079703_L01_UDB-122	M	E100079703_L01_UDB-122_aae_z_20	E100079703_L01_UDB-122	M
E100079703_L01_UDB-122_aae_z_20	A0030	E100079703_L01_UDB-122	M	E150024856_L01_UDB-64_SB_208	E150024856_L01_UDB-64	M
E100079703_L01_UDB-122_aae_z_20	A0030	E100079703_L01_UDB-122	M	E150024856_L01_UDB-59_SB_239	E150024856_L01_UDB-59	M
E100079703_L01_UDB-124_vae_8685	A0031	E100079703_L01_UDB-124	M	E150024856_L01_UDB-161_vae_6682	E150024856_L01_UDB-161	I
E100079703_L01_UDB-124_vae_8685	A0031	E100079703_L01_UDB-124	M	E150024856_L01_UDB-55_SB_27	E150024856_L01_UDB-55	I
E100079703_L01_UDB-124_vae_8685	A0031	E100079703_L01_UDB-124	M	E100079703_L01_UDB-141_aae_z_1302	E100079703_L01_UDB-141	I
E100079703_L01_UDB-124_vae_8685	A0031	E100079703_L01_UDB-124	M	E150024856_L01_UDB-54_SB_19	E150024856_L01_UDB-54	I
E100079703_L01_UDB-124_vae_8685	A0031	E100079703_L01_UDB-124	M	E100079703_L01_UDB-144_aae_z_1245	E100079703_L01_UDB-144	I
E100079703_L01_UDB-124_vae_8685	A0031	E100079703_L01_UDB-124	M	E150024856_L01_UDB-43_SB_1	E150024856_L01_UDB-43	I
E100079703_L01_UDB-124_vae_8685	A0031	E100079703_L01_UDB-124	M	E100079703_L01_UDB-124_vae_8685	E100079703_L01_UDB-124	M
E100079703_L01_UDB-125_vae_364	A0032	E100079703_L01_UDB-125	M	E100079703_L01_UDB-125_vae_364	E100079703_L01_UDB-125	M
E100079703_L01_UDB-125_vae_364	A0032	E100079703_L01_UDB-125	M	E150024856_L01_UDB-58_SB_143	E150024856_L01_UDB-58	M
E100079703_L01_UDB-125_vae_364	A0032	E100079703_L01_UDB-125	M	E100079703_L01_UDB-100_SB_55	E100079703_L01_UDB-100	M
E100079703_L01_UDB-126_aae_z_28198	A0033	E100079703_L01_UDB-126	M	E100079703_L01_UDB-126_aae_z_28198	E100079703_L01_UDB-126	M
E100079703_L01_UDB-126_aae_z_36416	A0034	E100079703_L01_UDB-126	M	E100079703_L01_UDB-126_aae_z_36416	E100079703_L01_UDB-126	M
E100079703_L01_UDB-130_vae_7288	A0035	E100079703_L01_UDB-130	I	E100079703_L01_UDB-130_vae_7288	E100079703_L01_UDB-130	I
E100079703_L01_UDB-135_vae_6514	A0072	E100079703_L01_UDB-135	I	E150024856_L01_UDB-47_vae_4188	E150024856_L01_UDB-47	I
E100079703_L01_UDB-135_vae_6514	A0072	E100079703_L01_UDB-135	I	E100079703_L01_UDB-135_vae_6514	E100079703_L01_UDB-135	I
E100079703_L01_UDB-137_vae_101	A0036	E100079703_L01_UDB-137	I	E100079703_L01_UDB-137_vae_101	E100079703_L01_UDB-137	I
E100079703_L01_UDB-137_vae_455	A0037	E100079703_L01_UDB-137	I	E100079703_L01_UDB-137_vae_455	E100079703_L01_UDB-137	I
E100079703_L01_UDB-137_vae_455	A0037	E100079703_L01_UDB-137	I	E150024856_L01_UDB-57_aae_z_1697	E150024856_L01_UDB-57	I
E100079703_L01_UDB-137_vae_455	A0037	E100079703_L01_UDB-137	I	E150024856_L01_UDB-50_vae_23231	E150024856_L01_UDB-50	I
E100079703_L01_UDB-137_vae_6522	A0038	E100079703_L01_UDB-137	I	E100079703_L01_UDB-137_vae_6522	E100079703_L01_UDB-137	I
E100079703_L01_UDB-137_vae_6522	A0038	E100079703_L01_UDB-137	I	E100079703_L01_UDB-117_vae_38610	E100079703_L01_UDB-117	I
E100079703_L01_UDB-137_vae_6522	A0038	E100079703_L01_UDB-137	I	E150024856_L01_UDB-20_vae_25752	E150024856_L01_UDB-20	I
E100079703_L01_UDB-137_vae_6522	A0038	E100079703_L01_UDB-137	I	E150024856_L01_UDB-52_vae_34019	E150024856_L01_UDB-52	I
E100079703_L01_UDB-142_vae_30	A0039	E100079703_L01_UDB-142	I	E100079703_L01_UDB-142_vae_30	E100079703_L01_UDB-142	I
E100079703_L01_UDB-142_vae_30	A0039	E100079703_L01_UDB-142	I	E150024856_L01_UDB-40_SB_4	E150024856_L01_UDB-40	I
E100079703_L01_UDB-142_vae_30	A0039	E100079703_L01_UDB-142	I	E100079703_L01_UDB-131_vae_2354	E100079703_L01_UDB-131	I
E100079703_L01_UDB-142_vae_30	A0039	E100079703_L01_UDB-142	I	E150024856_L01_UDB-47_SB_13	E150024856_L01_UDB-47	I
E100079703_L01_UDB-142_vae_30	A0039	E100079703_L01_UDB-142	I	E100079703_L01_UDB-128_vae_102	E100079703_L01_UDB-128	I
E100079703_L01_UDB-142_vae_30	A0039	E100079703_L01_UDB-142	I	E150024856_L01_UDB-55_SB_9	E150024856_L01_UDB-55	I
E100079703_L01_UDB-142_vae_30	A0039	E100079703_L01_UDB-142	I	E100079703_L01_UDB-129_vae_76	E100079703_L01_UDB-129	I
E100079703_L01_UDB-142_vae_30	A0039	E100079703_L01_UDB-142	I	E150024856_L01_UDB-41_vae_6080	E150024856_L01_UDB-41	I
E100079703_L01_UDB-144_vae_11974	A0040	E100079703_L01_UDB-144	I	E100079703_L01_UDB-144_vae_11974	E100079703_L01_UDB-144	I
E100079703_L01_UDB-146_aae_z_8040	A0041	E100079703_L01_UDB-146	I	E100079703_L01_UDB-146_aae_z_8040	E100079703_L01_UDB-146	I
E100079703_L01_UDB-146_aae_z_8040	A0041	E100079703_L01_UDB-146	I	E150024856_L01_UDB-45_vae_1900	E150024856_L01_UDB-45	I
E100079703_L01_UDB-146_aae_z_8040	A0041	E100079703_L01_UDB-146	I	E150024856_L01_UDB-186_aae_z_511	E150024856_L01_UDB-186	I
E100079703_L01_UDB-146_aae_z_8040	A0041	E100079703_L01_UDB-146	I	E150024856_L01_UDB-23_vae_2799	E150024856_L01_UDB-23	I
E100079703_L01_UDB-146_aae_z_8040	A0041	E100079703_L01_UDB-146	I	E150024856_L01_UDB-168_vae_38	E150024856_L01_UDB-168	I
E100079703_L01_UDB-146_aae_z_8040	A0041	E100079703_L01_UDB-146	I	E150024856_L01_UDB-41_vae_48981	E150024856_L01_UDB-41	I
E100079703_L01_UDB-146_aae_z_8040	A0041	E100079703_L01_UDB-146	I	E150024856_L01_UDB-9_vae_51	E150024856_L01_UDB-9	I
E100079703_L01_UDB-146_aae_z_8040	A0041	E100079703_L01_UDB-146	I	E150024856_L01_UDB-40_vae_4563	E150024856_L01_UDB-40	I
E100079703_L01_UDB-146_aae_z_8040	A0041	E100079703_L01_UDB-146	I	E150024856_L01_UDB-7_vae_556	E150024856_L01_UDB-7	I
E100079703_L01_UDB-146_aae_z_8040	A0041	E100079703_L01_UDB-146	I	E150024856_L01_UDB-44_vae_11653	E150024856_L01_UDB-44	I
E100079703_L01_UDB-146_aae_z_8040	A0041	E100079703_L01_UDB-146	I	E100079703_L01_UDB-127_aae_z_163	E100079703_L01_UDB-127	I
E100079703_L01_UDB-146_aae_z_8040	A0041	E100079703_L01_UDB-146	I	E150024856_L01_UDB-56_SB_0	E150024856_L01_UDB-56	I
E100079703_L01_UDB-146_aae_z_8040	A0041	E100079703_L01_UDB-146	I	E150024856_L01_UDB-58_SB_13	E150024856_L01_UDB-58	M
E100079703_L01_UDB-146_aae_z_914	A0042	E100079703_L01_UDB-146	I	E100079703_L01_UDB-146_aae_z_914	E100079703_L01_UDB-146	I
E100079703_L01_UDB-148_vae_1211	A0044	E100079703_L01_UDB-148	I	E100079703_L01_UDB-148_vae_1211	E100079703_L01_UDB-148	I
E100079703_L01_UDB-148_vae_1211	A0044	E100079703_L01_UDB-148	I	E150024856_L01_UDB-184_vae_1662	E150024856_L01_UDB-184	I
E100079703_L01_UDB-148_vae_1211	A0044	E100079703_L01_UDB-148	I	E150024856_L01_UDB-7_vae_2012	E150024856_L01_UDB-7	I
E100079703_L01_UDB-148_vae_1211	A0044	E100079703_L01_UDB-148	I	E150024856_L01_UDB-64_SB_351	E150024856_L01_UDB-64	M
E100079703_L01_UDB-148_vae_1211	A0044	E100079703_L01_UDB-148	I	E150024856_L01_UDB-59_SB_331	E150024856_L01_UDB-59	M
E100079703_L01_UDB-148_vae_6254	A0045	E100079703_L01_UDB-148	I	E100079703_L01_UDB-148_vae_6254	E100079703_L01_UDB-148	I
E100079703_L01_UDB-148_vae_6254	A0045	E100079703_L01_UDB-148	I	E150024856_L01_UDB-48_SB_28	E150024856_L01_UDB-48	I
E150024856_L01_UDB-11_vae_279	A0052	E150024856_L01_UDB-11	I	E150024856_L01_UDB-11_vae_279	E150024856_L01_UDB-11	I
E150024856_L01_UDB-11_vae_279	A0052	E150024856_L01_UDB-11	I	E100079703_L01_UDB-134_vae_60	E100079703_L01_UDB-134	I
E150024856_L01_UDB-11_vae_5045	A0053	E150024856_L01_UDB-11	I	E150024856_L01_UDB-11_vae_5045	E150024856_L01_UDB-11	I
E150024856_L01_UDB-12_vae_11430	A0054	E150024856_L01_UDB-12	I	E150024856_L01_UDB-12_vae_11430	E150024856_L01_UDB-12	I
E150024856_L01_UDB-12_vae_11430	A0054	E150024856_L01_UDB-12	I	E100079703_L01_UDB-135_vae_1120	E100079703_L01_UDB-135	I
E150024856_L01_UDB-12_vae_11430	A0054	E150024856_L01_UDB-12	I	E100079703_L01_UDB-150_vae_309	E100079703_L01_UDB-150	I
E150024856_L01_UDB-12_vae_11430	A0054	E150024856_L01_UDB-12	I	E150024856_L01_UDB-43_SB_52	E150024856_L01_UDB-43	I
E150024856_L01_UDB-12_vae_11430	A0054	E150024856_L01_UDB-12	I	E150024856_L01_UDB-7_vae_1848	E150024856_L01_UDB-7	I
E150024856_L01_UDB-12_vae_11430	A0054	E150024856_L01_UDB-12	I	E150024856_L01_UDB-45_SB_94	E150024856_L01_UDB-45	I
E150024856_L01_UDB-12_vae_11430	A0054	E150024856_L01_UDB-12	I	E150024856_L01_UDB-168_vae_303	E150024856_L01_UDB-168	I
E150024856_L01_UDB-12_vae_1687	A0055	E150024856_L01_UDB-12	I	E150024856_L01_UDB-12_vae_1687	E150024856_L01_UDB-12	I
E150024856_L01_UDB-12_vae_1687	A0055	E150024856_L01_UDB-12	I	E150024856_L01_UDB-47_SB_30	E150024856_L01_UDB-47	I
E150024856_L01_UDB-12_vae_1687	A0055	E150024856_L01_UDB-12	I	E150024856_L01_UDB-48_aae_z_455	E150024856_L01_UDB-48	I
E150024856_L01_UDB-12_vae_1687	A0055	E150024856_L01_UDB-12	I	E150024856_L01_UDB-63_SB_37	E150024856_L01_UDB-63	M
E150024856_L01_UDB-13_vae_12010	A0056	E150024856_L01_UDB-13	I	E150024856_L01_UDB-13_vae_12010	E150024856_L01_UDB-13	I
E150024856_L01_UDB-159_vae_18946	A0059	E150024856_L01_UDB-159	I	E150024856_L01_UDB-159_vae_18946	E150024856_L01_UDB-159	I
E150024856_L01_UDB-159_vae_18946	A0059	E150024856_L01_UDB-159	I	E100079703_L01_UDB-116_vae_10245	E100079703_L01_UDB-116	I
E150024856_L01_UDB-168_aae_z_2038	A0061	E150024856_L01_UDB-168	I	E150024856_L01_UDB-168_aae_z_2038	E150024856_L01_UDB-168	I
E150024856_L01_UDB-168_aae_z_2038	A0061	E150024856_L01_UDB-168	I	E100079703_L01_UDB-132_vae_5654	E100079703_L01_UDB-132	I
E150024856_L01_UDB-168_aae_z_2038	A0061	E150024856_L01_UDB-168	I	E100079703_L01_UDB-150_vae_12569	E100079703_L01_UDB-150	I
E150024856_L01_UDB-168_aae_z_2038	A0061	E150024856_L01_UDB-168	I	E100079703_L01_UDB-131_vae_2372	E100079703_L01_UDB-131	I
E150024856_L01_UDB-168_aae_z_2038	A0061	E150024856_L01_UDB-168	I	E100079703_L01_UDB-141_vae_7144	E100079703_L01_UDB-141	I
E150024856_L01_UDB-168_aae_z_2038	A0061	E150024856_L01_UDB-168	I	E150024856_L01_UDB-54_vae_25023	E150024856_L01_UDB-54	I
E150024856_L01_UDB-168_aae_z_2038	A0061	E150024856_L01_UDB-168	I	E100079703_L01_UDB-149_vae_1290	E100079703_L01_UDB-149	I
E150024856_L01_UDB-168_aae_z_2038	A0061	E150024856_L01_UDB-168	I	E150024856_L01_UDB-44_aae_z_2872	E150024856_L01_UDB-44	I
E150024856_L01_UDB-168_aae_z_2038	A0061	E150024856_L01_UDB-168	I	E150024856_L01_UDB-45_aae_z_31744	E150024856_L01_UDB-45	I
E150024856_L01_UDB-168_aae_z_2038	A0061	E150024856_L01_UDB-168	I	E150024856_L01_UDB-8_vae_17917	E150024856_L01_UDB-8	I
E150024856_L01_UDB-171_vae_115	A0062	E150024856_L01_UDB-171	I	E150024856_L01_UDB-171_vae_115	E150024856_L01_UDB-171	I
E150024856_L01_UDB-171_vae_115	A0062	E150024856_L01_UDB-171	I	E150024856_L01_UDB-47_SB_20	E150024856_L01_UDB-47	I
E150024856_L01_UDB-171_vae_115	A0062	E150024856_L01_UDB-171	I	E150024856_L01_UDB-48_SB_39	E150024856_L01_UDB-48	I
E150024856_L01_UDB-171_vae_115	A0062	E150024856_L01_UDB-171	I	E100079703_L01_UDB-135_aae_z_125	E100079703_L01_UDB-135	I
E150024856_L01_UDB-184_aae_z_1543	A0065	E150024856_L01_UDB-184	I	E150024856_L01_UDB-184_aae_z_1543	E150024856_L01_UDB-184	I
E150024856_L01_UDB-184_aae_z_1543	A0065	E150024856_L01_UDB-184	I	E150024856_L01_UDB-9_vae_794	E150024856_L01_UDB-9	I
E150024856_L01_UDB-184_aae_z_1543	A0065	E150024856_L01_UDB-184	I	E150024856_L01_UDB-33_vae_3873	E150024856_L01_UDB-33	I
E150024856_L01_UDB-184_aae_z_1543	A0065	E150024856_L01_UDB-184	I	E150024856_L01_UDB-155_vae_9721	E150024856_L01_UDB-155	I
E150024856_L01_UDB-184_aae_z_1543	A0065	E150024856_L01_UDB-184	I	E150024856_L01_UDB-162_aae_z_1001	E150024856_L01_UDB-162	I
E150024856_L01_UDB-184_aae_z_1543	A0065	E150024856_L01_UDB-184	I	E150024856_L01_UDB-14_vae_3376	E150024856_L01_UDB-14	I
E150024856_L01_UDB-184_aae_z_1543	A0065	E150024856_L01_UDB-184	I	E150024856_L01_UDB-23_vae_118	E150024856_L01_UDB-23	I
E150024856_L01_UDB-184_aae_z_1543	A0065	E150024856_L01_UDB-184	I	E100079703_L01_UDB-130_vae_1635	E100079703_L01_UDB-130	I
E150024856_L01_UDB-184_aae_z_1543	A0065	E150024856_L01_UDB-184	I	E100079703_L01_UDB-117_vae_37492	E100079703_L01_UDB-117	I
E150024856_L01_UDB-184_aae_z_1543	A0065	E150024856_L01_UDB-184	I	E150024856_L01_UDB-55_vae_23511	E150024856_L01_UDB-55	I
E150024856_L01_UDB-184_aae_z_1543	A0065	E150024856_L01_UDB-184	I	E100079703_L01_UDB-105_vae_6378	E100079703_L01_UDB-105	I
E150024856_L01_UDB-184_aae_z_1543	A0065	E150024856_L01_UDB-184	I	E150024856_L01_UDB-56_SB_57	E150024856_L01_UDB-56	I
E150024856_L01_UDB-184_aae_z_1543	A0065	E150024856_L01_UDB-184	I	E100079703_L01_UDB-118_vae_3189	E100079703_L01_UDB-118	I
E150024856_L01_UDB-184_aae_z_1543	A0065	E150024856_L01_UDB-184	I	E100079703_L01_UDB-135_vae_12900	E100079703_L01_UDB-135	I
E150024856_L01_UDB-184_aae_z_1543	A0065	E150024856_L01_UDB-184	I	E150024856_L01_UDB-6_vae_20712	E150024856_L01_UDB-6	I
E150024856_L01_UDB-184_aae_z_1543	A0065	E150024856_L01_UDB-184	I	E150024856_L01_UDB-49_aae_z_2596	E150024856_L01_UDB-49	I
E150024856_L01_UDB-184_aae_z_1543	A0065	E150024856_L01_UDB-184	I	E150024856_L01_UDB-38_vae_9881	E150024856_L01_UDB-38	I
E150024856_L01_UDB-184_aae_z_1543	A0065	E150024856_L01_UDB-184	I	E150024856_L01_UDB-24_vae_7912	E150024856_L01_UDB-24	I
E150024856_L01_UDB-184_aae_z_1543	A0065	E150024856_L01_UDB-184	I	E150024856_L01_UDB-177_vae_24694	E150024856_L01_UDB-177	I
E150024856_L01_UDB-184_aae_z_1543	A0065	E150024856_L01_UDB-184	I	E150024856_L01_UDB-160_vae_3923	E150024856_L01_UDB-160	I
E150024856_L01_UDB-184_aae_z_1543	A0065	E150024856_L01_UDB-184	I	E150024856_L01_UDB-5_vae_94	E150024856_L01_UDB-5	I
E150024856_L01_UDB-184_aae_z_1543	A0065	E150024856_L01_UDB-184	I	E150024856_L01_UDB-57_vae_46244	E150024856_L01_UDB-57	I
E150024856_L01_UDB-184_aae_z_1543	A0065	E150024856_L01_UDB-184	I	E100079703_L01_UDB-120_vae_14728	E100079703_L01_UDB-120	I
E150024856_L01_UDB-184_aae_z_1543	A0065	E150024856_L01_UDB-184	I	E150024856_L01_UDB-47_SB_7	E150024856_L01_UDB-47	I
E150024856_L01_UDB-184_aae_z_1543	A0065	E150024856_L01_UDB-184	I	E150024856_L01_UDB-19_aae_z_966	E150024856_L01_UDB-19	I
E150024856_L01_UDB-184_aae_z_1543	A0065	E150024856_L01_UDB-184	I	E100079703_L01_UDB-113_vae_1610	E100079703_L01_UDB-113	I
E150024856_L01_UDB-184_aae_z_1543	A0065	E150024856_L01_UDB-184	I	E100079703_L01_UDB-151_vae_1776	E100079703_L01_UDB-151	I
E150024856_L01_UDB-184_aae_z_1543	A0065	E150024856_L01_UDB-184	I	E150024856_L01_UDB-166_vae_4872	E150024856_L01_UDB-166	I
E150024856_L01_UDB-184_aae_z_1543	A0065	E150024856_L01_UDB-184	I	E150024856_L01_UDB-165_vae_431	E150024856_L01_UDB-165	I
E150024856_L01_UDB-184_aae_z_1543	A0065	E150024856_L01_UDB-184	I	E150024856_L01_UDB-17_vae_5934	E150024856_L01_UDB-17	I
E150024856_L01_UDB-184_aae_z_1543	A0065	E150024856_L01_UDB-184	I	E150024856_L01_UDB-7_aae_z_1049	E150024856_L01_UDB-7	I
E150024856_L01_UDB-184_aae_z_1543	A0065	E150024856_L01_UDB-184	I	E150024856_L01_UDB-46_vae_3516	E150024856_L01_UDB-46	I
E150024856_L01_UDB-184_vae_3256	A0066	E150024856_L01_UDB-184	I	E150024856_L01_UDB-184_vae_3256	E150024856_L01_UDB-184	I
E150024856_L01_UDB-184_vae_3256	A0066	E150024856_L01_UDB-184	I	E150024856_L01_UDB-166_vae_4802	E150024856_L01_UDB-166	I
E150024856_L01_UDB-184_vae_3256	A0066	E150024856_L01_UDB-184	I	E150024856_L01_UDB-7_vae_1680	E150024856_L01_UDB-7	I
E150024856_L01_UDB-184_vae_3256	A0066	E150024856_L01_UDB-184	I	E150024856_L01_UDB-43_SB_4	E150024856_L01_UDB-43	I
E150024856_L01_UDB-184_vae_3256	A0066	E150024856_L01_UDB-184	I	E150024856_L01_UDB-59_SB_38	E150024856_L01_UDB-59	M
E150024856_L01_UDB-184_vae_6858	A0067	E150024856_L01_UDB-184	I	E150024856_L01_UDB-184_vae_6858	E150024856_L01_UDB-184	I
E150024856_L01_UDB-184_vae_6858	A0067	E150024856_L01_UDB-184	I	E150024856_L01_UDB-186_aae_z_441	E150024856_L01_UDB-186	I
E150024856_L01_UDB-184_vae_6858	A0067	E150024856_L01_UDB-184	I	E150024856_L01_UDB-47_SB_22	E150024856_L01_UDB-47	I
E150024856_L01_UDB-184_vae_6858	A0067	E150024856_L01_UDB-184	I	E150024856_L01_UDB-152_aae_z_862	E150024856_L01_UDB-152	I
E150024856_L01_UDB-186_vae_5620	A0069	E150024856_L01_UDB-186	I	E150024856_L01_UDB-186_vae_5620	E150024856_L01_UDB-186	I
E150024856_L01_UDB-186_vae_5620	A0069	E150024856_L01_UDB-186	I	E150024856_L01_UDB-44_SB_18	E150024856_L01_UDB-44	I
E150024856_L01_UDB-186_vae_5620	A0069	E150024856_L01_UDB-186	I	E150024856_L01_UDB-45_aae_z_17657	E150024856_L01_UDB-45	I
E150024856_L01_UDB-186_vae_5620	A0069	E150024856_L01_UDB-186	I	E100079703_L01_UDB-130_vae_4476	E100079703_L01_UDB-130	I
E150024856_L01_UDB-186_vae_5620	A0069	E150024856_L01_UDB-186	I	E150024856_L01_UDB-168_vae_15695	E150024856_L01_UDB-168	I
E150024856_L01_UDB-186_vae_5620	A0069	E150024856_L01_UDB-186	I	E150024856_L01_UDB-38_vae_21602	E150024856_L01_UDB-38	I
E150024856_L01_UDB-186_vae_7101	A0070	E150024856_L01_UDB-186	I	E150024856_L01_UDB-186_vae_7101	E150024856_L01_UDB-186	I
E150024856_L01_UDB-186_vae_7101	A0070	E150024856_L01_UDB-186	I	E100079703_L01_UDB-101_vae_41757	E100079703_L01_UDB-101	M
E150024856_L01_UDB-186_vae_7101	A0070	E150024856_L01_UDB-186	I	E150024856_L01_UDB-63_SB_330	E150024856_L01_UDB-63	M
E150024856_L01_UDB-186_vae_7101	A0070	E150024856_L01_UDB-186	I	E150024856_L01_UDB-61_vae_101581	E150024856_L01_UDB-61	M
E150024856_L01_UDB-186_vae_7101	A0070	E150024856_L01_UDB-186	I	E100079703_L01_UDB-100_SB_51	E100079703_L01_UDB-100	M
E150024856_L01_UDB-191_vae_6899	A0073	E150024856_L01_UDB-191	I	E150024856_L01_UDB-191_vae_6899	E150024856_L01_UDB-191	I
E150024856_L01_UDB-191_vae_6899	A0073	E150024856_L01_UDB-191	I	E100079703_L01_UDB-116_vae_645	E100079703_L01_UDB-116	I
E150024856_L01_UDB-191_vae_6899	A0073	E150024856_L01_UDB-191	I	E150024856_L01_UDB-176_aae_z_6613	E150024856_L01_UDB-176	I
E150024856_L01_UDB-191_vae_6899	A0073	E150024856_L01_UDB-191	I	E150024856_L01_UDB-33_vae_5182	E150024856_L01_UDB-33	I
E150024856_L01_UDB-191_vae_6899	A0073	E150024856_L01_UDB-191	I	E150024856_L01_UDB-53_SB_50	E150024856_L01_UDB-53	I
E150024856_L01_UDB-191_vae_6899	A0073	E150024856_L01_UDB-191	I	E150024856_L01_UDB-54_vae_24742	E150024856_L01_UDB-54	I
E150024856_L01_UDB-191_vae_6899	A0073	E150024856_L01_UDB-191	I	E100079703_L01_UDB-101_aae_z_6584	E100079703_L01_UDB-101	M
E150024856_L01_UDB-38_vae_3546	A0078	E150024856_L01_UDB-38	I	E150024856_L01_UDB-38_vae_3546	E150024856_L01_UDB-38	I
E150024856_L01_UDB-38_vae_3546	A0078	E150024856_L01_UDB-38	I	E100079703_L01_UDB-150_vae_4	E100079703_L01_UDB-150	I
E150024856_L01_UDB-38_vae_3546	A0078	E150024856_L01_UDB-38	I	E150024856_L01_UDB-44_SB_31	E150024856_L01_UDB-44	I
E150024856_L01_UDB-38_vae_3546	A0078	E150024856_L01_UDB-38	I	E150024856_L01_UDB-57_SB_13	E150024856_L01_UDB-57	I
E150024856_L01_UDB-38_vae_3546	A0078	E150024856_L01_UDB-38	I	E150024856_L01_UDB-61_SB_242	E150024856_L01_UDB-61	M
E150024856_L01_UDB-40_SB_1	A0080	E150024856_L01_UDB-40	I	E150024856_L01_UDB-40_SB_1	E150024856_L01_UDB-40	I
E150024856_L01_UDB-40_SB_1	A0080	E150024856_L01_UDB-40	I	E150024856_L01_UDB-46_SB_12	E150024856_L01_UDB-46	I
E150024856_L01_UDB-40_SB_1	A0080	E150024856_L01_UDB-40	I	E150024856_L01_UDB-166_vae_4813	E150024856_L01_UDB-166	I
E150024856_L01_UDB-40_SB_1	A0080	E150024856_L01_UDB-40	I	E100079703_L01_UDB-130_vae_3589	E100079703_L01_UDB-130	I
E150024856_L01_UDB-40_SB_1	A0080	E150024856_L01_UDB-40	I	E150024856_L01_UDB-6_vae_20333	E150024856_L01_UDB-6	I
E150024856_L01_UDB-40_SB_1	A0080	E150024856_L01_UDB-40	I	E150024856_L01_UDB-162_vae_15903	E150024856_L01_UDB-162	I
E150024856_L01_UDB-40_SB_1	A0080	E150024856_L01_UDB-40	I	E150024856_L01_UDB-163_vae_3059	E150024856_L01_UDB-163	I
E150024856_L01_UDB-40_SB_1	A0080	E150024856_L01_UDB-40	I	E150024856_L01_UDB-57_SB_25	E150024856_L01_UDB-57	I
E150024856_L01_UDB-41_SB_13	A0081	E150024856_L01_UDB-41	I	E150024856_L01_UDB-41_SB_13	E150024856_L01_UDB-41	I
E150024856_L01_UDB-41_SB_34	A0082	E150024856_L01_UDB-41	I	E150024856_L01_UDB-41_SB_34	E150024856_L01_UDB-41	I
E150024856_L01_UDB-41_SB_34	A0082	E150024856_L01_UDB-41	I	E150024856_L01_UDB-42_aae_z_436	E150024856_L01_UDB-42	I
E150024856_L01_UDB-41_SB_34	A0082	E150024856_L01_UDB-41	I	E150024856_L01_UDB-64_SB_215	E150024856_L01_UDB-64	M
E150024856_L01_UDB-41_SB_34	A0082	E150024856_L01_UDB-41	I	E150024856_L01_UDB-58_aae_z_4455	E150024856_L01_UDB-58	M
E150024856_L01_UDB-42_vae_59072	A0083	E150024856_L01_UDB-42	I	E150024856_L01_UDB-42_vae_59072	E150024856_L01_UDB-42	I
E150024856_L01_UDB-42_vae_59072	A0083	E150024856_L01_UDB-42	I	E150024856_L01_UDB-43_vae_1505	E150024856_L01_UDB-43	I
E150024856_L01_UDB-42_vae_59072	A0083	E150024856_L01_UDB-42	I	E150024856_L01_UDB-44_SB_29	E150024856_L01_UDB-44	I
E150024856_L01_UDB-42_vae_59072	A0083	E150024856_L01_UDB-42	I	E150024856_L01_UDB-56_SB_27	E150024856_L01_UDB-56	I
E150024856_L01_UDB-42_vae_59072	A0083	E150024856_L01_UDB-42	I	E150024856_L01_UDB-41_vae_44236	E150024856_L01_UDB-41	I
E150024856_L01_UDB-43_SB_26	A0084	E150024856_L01_UDB-43	I	E150024856_L01_UDB-43_SB_26	E150024856_L01_UDB-43	I
E150024856_L01_UDB-43_SB_35	A0085	E150024856_L01_UDB-43	I	E150024856_L01_UDB-43_SB_35	E150024856_L01_UDB-43	I
E150024856_L01_UDB-43_vae_10375	A0086	E150024856_L01_UDB-43	I	E150024856_L01_UDB-43_vae_10375	E150024856_L01_UDB-43	I
E150024856_L01_UDB-43_vae_10375	A0086	E150024856_L01_UDB-43	I	E150024856_L01_UDB-49_SB_29	E150024856_L01_UDB-49	I
E150024856_L01_UDB-43_vae_10375	A0086	E150024856_L01_UDB-43	I	E150024856_L01_UDB-50_SB_54	E150024856_L01_UDB-50	I
E150024856_L01_UDB-43_vae_10375	A0086	E150024856_L01_UDB-43	I	E150024856_L01_UDB-6_vae_15745	E150024856_L01_UDB-6	I
E150024856_L01_UDB-43_vae_10375	A0086	E150024856_L01_UDB-43	I	E150024856_L01_UDB-5_vae_7125	E150024856_L01_UDB-5	I
E150024856_L01_UDB-43_vae_10375	A0086	E150024856_L01_UDB-43	I	E150024856_L01_UDB-63_SB_219	E150024856_L01_UDB-63	M
E150024856_L01_UDB-43_vae_10375	A0086	E150024856_L01_UDB-43	I	E150024856_L01_UDB-64_SB_89	E150024856_L01_UDB-64	M
E150024856_L01_UDB-43_vae_10375	A0086	E150024856_L01_UDB-43	I	E150024856_L01_UDB-59_SB_279	E150024856_L01_UDB-59	M
E150024856_L01_UDB-43_vae_6808	A0087	E150024856_L01_UDB-43	I	E150024856_L01_UDB-43_vae_6808	E150024856_L01_UDB-43	I
E150024856_L01_UDB-43_vae_6808	A0087	E150024856_L01_UDB-43	I	E150024856_L01_UDB-7_vae_1253	E150024856_L01_UDB-7	I
E150024856_L01_UDB-43_vae_6808	A0087	E150024856_L01_UDB-43	I	E100079703_L01_UDB-130_vae_336	E100079703_L01_UDB-130	I
E150024856_L01_UDB-43_vae_6808	A0087	E150024856_L01_UDB-43	I	E150024856_L01_UDB-44_vae_8768	E150024856_L01_UDB-44	I
E150024856_L01_UDB-43_vae_6808	A0087	E150024856_L01_UDB-43	I	E100079703_L01_UDB-148_vae_246	E100079703_L01_UDB-148	I
E150024856_L01_UDB-43_vae_6808	A0087	E150024856_L01_UDB-43	I	E150024856_L01_UDB-48_aae_z_2723	E150024856_L01_UDB-48	I
E150024856_L01_UDB-43_vae_6808	A0087	E150024856_L01_UDB-43	I	E150024856_L01_UDB-12_vae_5737	E150024856_L01_UDB-12	I
E150024856_L01_UDB-43_vae_6808	A0087	E150024856_L01_UDB-43	I	E100079703_L01_UDB-135_vae_3762	E100079703_L01_UDB-135	I
E150024856_L01_UDB-44_SB_22	A0088	E150024856_L01_UDB-44	I	E150024856_L01_UDB-44_SB_22	E150024856_L01_UDB-44	I
E150024856_L01_UDB-45_SB_100	A0090	E150024856_L01_UDB-45	I	E150024856_L01_UDB-45_SB_100	E150024856_L01_UDB-45	I
E150024856_L01_UDB-45_SB_100	A0090	E150024856_L01_UDB-45	I	E150024856_L01_UDB-64_SB_151	E150024856_L01_UDB-64	M
E150024856_L01_UDB-45_SB_100	A0090	E150024856_L01_UDB-45	I	E150024856_L01_UDB-59_SB_33	E150024856_L01_UDB-59	M
E150024856_L01_UDB-45_SB_100	A0090	E150024856_L01_UDB-45	I	E100079703_L01_UDB-125_aae_z_17588	E100079703_L01_UDB-125	M
E150024856_L01_UDB-45_SB_100	A0090	E150024856_L01_UDB-45	I	E150024856_L01_UDB-58_SB_50	E150024856_L01_UDB-58	M
E150024856_L01_UDB-45_SB_100	A0090	E150024856_L01_UDB-45	I	E100079703_L01_UDB-124_vae_17916	E100079703_L01_UDB-124	M
E150024856_L01_UDB-45_SB_100	A0090	E150024856_L01_UDB-45	I	E100079703_L01_UDB-126_aae_z_34511	E100079703_L01_UDB-126	M
E150024856_L01_UDB-45_SB_100	A0090	E150024856_L01_UDB-45	I	E150024856_L01_UDB-61_vae_102078	E150024856_L01_UDB-61	M
E150024856_L01_UDB-45_SB_31	A0091	E150024856_L01_UDB-45	I	E150024856_L01_UDB-45_SB_31	E150024856_L01_UDB-45	I
E150024856_L01_UDB-45_SB_31	A0091	E150024856_L01_UDB-45	I	E150024856_L01_UDB-64_SB_176	E150024856_L01_UDB-64	M
E150024856_L01_UDB-45_SB_31	A0091	E150024856_L01_UDB-45	I	E150024856_L01_UDB-61_vae_95026	E150024856_L01_UDB-61	M
E150024856_L01_UDB-45_SB_39	A0092	E150024856_L01_UDB-45	I	E150024856_L01_UDB-45_SB_39	E150024856_L01_UDB-45	I
E150024856_L01_UDB-45_SB_39	A0092	E150024856_L01_UDB-45	I	E150024856_L01_UDB-42_SB_50	E150024856_L01_UDB-42	I
E150024856_L01_UDB-45_vae_32624	A0094	E150024856_L01_UDB-45	I	E150024856_L01_UDB-45_vae_32624	E150024856_L01_UDB-45	I
E150024856_L01_UDB-45_vae_32624	A0094	E150024856_L01_UDB-45	I	E100079703_L01_UDB-130_vae_7361	E100079703_L01_UDB-130	I
E150024856_L01_UDB-45_vae_32624	A0094	E150024856_L01_UDB-45	I	E150024856_L01_UDB-44_vae_7805	E150024856_L01_UDB-44	I
E150024856_L01_UDB-46_aae_z_2381	A0097	E150024856_L01_UDB-46	I	E150024856_L01_UDB-46_aae_z_2381	E150024856_L01_UDB-46	I
E150024856_L01_UDB-46_aae_z_2381	A0097	E150024856_L01_UDB-46	I	E100079703_L01_UDB-133_vae_3230	E100079703_L01_UDB-133	I
E150024856_L01_UDB-46_SB_11	A0095	E150024856_L01_UDB-46	I	E150024856_L01_UDB-46_SB_11	E150024856_L01_UDB-46	I
E150024856_L01_UDB-46_SB_11	A0095	E150024856_L01_UDB-46	I	E100079703_L01_UDB-133_vae_3219	E100079703_L01_UDB-133	I
E150024856_L01_UDB-46_SB_11	A0095	E150024856_L01_UDB-46	I	E100079703_L01_UDB-151_vae_3877	E100079703_L01_UDB-151	I
E150024856_L01_UDB-46_SB_9	A0096	E150024856_L01_UDB-46	I	E150024856_L01_UDB-46_SB_9	E150024856_L01_UDB-46	I
E150024856_L01_UDB-48_vae_130	A0100	E150024856_L01_UDB-48	I	E150024856_L01_UDB-48_vae_130	E150024856_L01_UDB-48	I
E150024856_L01_UDB-48_vae_130	A0100	E150024856_L01_UDB-48	I	E150024856_L01_UDB-171_vae_5720	E150024856_L01_UDB-171	I
E150024856_L01_UDB-48_vae_2356	A0101	E150024856_L01_UDB-48	I	E150024856_L01_UDB-48_vae_2356	E150024856_L01_UDB-48	I
E150024856_L01_UDB-48_vae_2356	A0101	E150024856_L01_UDB-48	I	E150024856_L01_UDB-63_SB_82	E150024856_L01_UDB-63	M
E150024856_L01_UDB-49_SB_19	A0102	E150024856_L01_UDB-49	I	E150024856_L01_UDB-49_SB_19	E150024856_L01_UDB-49	I
E150024856_L01_UDB-49_vae_6296	A0104	E150024856_L01_UDB-49	I	E150024856_L01_UDB-49_vae_6296	E150024856_L01_UDB-49	I
E150024856_L01_UDB-49_vae_6296	A0104	E150024856_L01_UDB-49	I	E150024856_L01_UDB-42_SB_16	E150024856_L01_UDB-42	I
E150024856_L01_UDB-49_vae_6296	A0104	E150024856_L01_UDB-49	I	E150024856_L01_UDB-50_SB_52	E150024856_L01_UDB-50	I
E150024856_L01_UDB-49_vae_6296	A0104	E150024856_L01_UDB-49	I	E150024856_L01_UDB-59_SB_49	E150024856_L01_UDB-59	M
E150024856_L01_UDB-49_vae_6296	A0104	E150024856_L01_UDB-49	I	E150024856_L01_UDB-60_SB_16	E150024856_L01_UDB-60	M
E150024856_L01_UDB-49_vae_8717	A0105	E150024856_L01_UDB-49	I	E150024856_L01_UDB-49_vae_8717	E150024856_L01_UDB-49	I
E150024856_L01_UDB-49_vae_8717	A0105	E150024856_L01_UDB-49	I	E100079703_L01_UDB-142_vae_157	E100079703_L01_UDB-142	I
E150024856_L01_UDB-50_aae_z_2264	A0116	E150024856_L01_UDB-50	I	E150024856_L01_UDB-50_aae_z_2264	E150024856_L01_UDB-50	I
E150024856_L01_UDB-50_aae_z_2264	A0116	E150024856_L01_UDB-50	I	E100079703_L01_UDB-131_vae_1840	E100079703_L01_UDB-131	I
E150024856_L01_UDB-50_aae_z_2264	A0116	E150024856_L01_UDB-50	I	E100079703_L01_UDB-132_vae_35	E100079703_L01_UDB-132	I
E150024856_L01_UDB-50_aae_z_2264	A0116	E150024856_L01_UDB-50	I	E100079703_L01_UDB-137_vae_87	E100079703_L01_UDB-137	I
E150024856_L01_UDB-50_aae_z_2264	A0116	E150024856_L01_UDB-50	I	E150024856_L01_UDB-49_vae_184	E150024856_L01_UDB-49	I
E150024856_L01_UDB-50_aae_z_2264	A0116	E150024856_L01_UDB-50	I	E100079703_L01_UDB-124_aae_z_2260	E100079703_L01_UDB-124	M
E150024856_L01_UDB-50_aae_z_28654	A0117	E150024856_L01_UDB-50	I	E150024856_L01_UDB-50_aae_z_28654	E150024856_L01_UDB-50	I
E150024856_L01_UDB-50_aae_z_41002	A0118	E150024856_L01_UDB-50	I	E150024856_L01_UDB-50_aae_z_41002	E150024856_L01_UDB-50	I
E150024856_L01_UDB-50_aae_z_41002	A0118	E150024856_L01_UDB-50	I	E150024856_L01_UDB-49_SB_13	E150024856_L01_UDB-49	I
E150024856_L01_UDB-50_SB_15	A0106	E150024856_L01_UDB-50	I	E150024856_L01_UDB-50_SB_15	E150024856_L01_UDB-50	I
E150024856_L01_UDB-50_SB_19	A0107	E150024856_L01_UDB-50	I	E150024856_L01_UDB-50_SB_19	E150024856_L01_UDB-50	I
E150024856_L01_UDB-50_SB_27	A0108	E150024856_L01_UDB-50	I	E150024856_L01_UDB-50_SB_27	E150024856_L01_UDB-50	I
E150024856_L01_UDB-50_SB_30	A0109	E150024856_L01_UDB-50	I	E150024856_L01_UDB-50_SB_30	E150024856_L01_UDB-50	I
E150024856_L01_UDB-50_SB_30	A0109	E150024856_L01_UDB-50	I	E150024856_L01_UDB-47_SB_27	E150024856_L01_UDB-47	I
E150024856_L01_UDB-50_SB_30	A0109	E150024856_L01_UDB-50	I	E150024856_L01_UDB-49_vae_5995	E150024856_L01_UDB-49	I
E150024856_L01_UDB-50_SB_30	A0109	E150024856_L01_UDB-50	I	E150024856_L01_UDB-48_SB_10	E150024856_L01_UDB-48	I
E150024856_L01_UDB-50_SB_40	A0110	E150024856_L01_UDB-50	I	E150024856_L01_UDB-50_SB_40	E150024856_L01_UDB-50	I
E150024856_L01_UDB-50_SB_70	A0111	E150024856_L01_UDB-50	I	E150024856_L01_UDB-50_SB_70	E150024856_L01_UDB-50	I
E150024856_L01_UDB-50_SB_82	A0112	E150024856_L01_UDB-50	I	E150024856_L01_UDB-50_SB_82	E150024856_L01_UDB-50	I
E150024856_L01_UDB-50_SB_86	A0113	E150024856_L01_UDB-50	I	E150024856_L01_UDB-50_SB_86	E150024856_L01_UDB-50	I
E150024856_L01_UDB-50_SB_86	A0113	E150024856_L01_UDB-50	I	E100079703_L01_UDB-105_aae_z_975	E100079703_L01_UDB-105	I
E150024856_L01_UDB-50_SB_86	A0113	E150024856_L01_UDB-50	I	E150024856_L01_UDB-14_aae_z_2090	E150024856_L01_UDB-14	I
E150024856_L01_UDB-50_SB_86	A0113	E150024856_L01_UDB-50	I	E150024856_L01_UDB-58_SB_180	E150024856_L01_UDB-58	M
E150024856_L01_UDB-50_SB_86	A0113	E150024856_L01_UDB-50	I	E150024856_L01_UDB-61_SB_57	E150024856_L01_UDB-61	M
E150024856_L01_UDB-50_SB_87	A0114	E150024856_L01_UDB-50	I	E150024856_L01_UDB-50_SB_87	E150024856_L01_UDB-50	I
E150024856_L01_UDB-50_SB_87	A0114	E150024856_L01_UDB-50	I	E150024856_L01_UDB-166_vae_524	E150024856_L01_UDB-166	I
E150024856_L01_UDB-50_SB_87	A0114	E150024856_L01_UDB-50	I	E150024856_L01_UDB-49_SB_17	E150024856_L01_UDB-49	I
E150024856_L01_UDB-50_SB_87	A0114	E150024856_L01_UDB-50	I	E150024856_L01_UDB-47_SB_11	E150024856_L01_UDB-47	I
E150024856_L01_UDB-50_SB_87	A0114	E150024856_L01_UDB-50	I	E150024856_L01_UDB-42_SB_47	E150024856_L01_UDB-42	I
E150024856_L01_UDB-50_vae_1891	A0119	E150024856_L01_UDB-50	I	E150024856_L01_UDB-50_vae_1891	E150024856_L01_UDB-50	I
E150024856_L01_UDB-50_vae_23683	A0120	E150024856_L01_UDB-50	I	E150024856_L01_UDB-50_vae_23683	E150024856_L01_UDB-50	I
E150024856_L01_UDB-51_SB_8	A0121	E150024856_L01_UDB-51	I	E150024856_L01_UDB-51_SB_8	E150024856_L01_UDB-51	I
E150024856_L01_UDB-51_SB_8	A0121	E150024856_L01_UDB-51	I	E100079703_L01_UDB-132_vae_5349	E100079703_L01_UDB-132	I
E150024856_L01_UDB-51_SB_8	A0121	E150024856_L01_UDB-51	I	E150024856_L01_UDB-44_SB_30	E150024856_L01_UDB-44	I
E150024856_L01_UDB-51_SB_8	A0121	E150024856_L01_UDB-51	I	E100079703_L01_UDB-138_vae_18	E100079703_L01_UDB-138	I
E150024856_L01_UDB-52_SB_13	A0123	E150024856_L01_UDB-52	I	E150024856_L01_UDB-52_SB_13	E150024856_L01_UDB-52	I
E150024856_L01_UDB-52_SB_13	A0123	E150024856_L01_UDB-52	I	E100079703_L01_UDB-118_vae_3115	E100079703_L01_UDB-118	I
E150024856_L01_UDB-52_SB_13	A0123	E150024856_L01_UDB-52	I	E150024856_L01_UDB-19_vae_7030	E150024856_L01_UDB-19	I
E150024856_L01_UDB-52_SB_13	A0123	E150024856_L01_UDB-52	I	E100079703_L01_UDB-138_vae_702	E100079703_L01_UDB-138	I
E150024856_L01_UDB-52_SB_13	A0123	E150024856_L01_UDB-52	I	E150024856_L01_UDB-50_SB_1	E150024856_L01_UDB-50	I
E150024856_L01_UDB-52_SB_13	A0123	E150024856_L01_UDB-52	I	E150024856_L01_UDB-51_SB_2	E150024856_L01_UDB-51	I
E150024856_L01_UDB-52_SB_13	A0123	E150024856_L01_UDB-52	I	E150024856_L01_UDB-55_SB_3	E150024856_L01_UDB-55	I
E150024856_L01_UDB-52_SB_13	A0123	E150024856_L01_UDB-52	I	E150024856_L01_UDB-23_vae_3163	E150024856_L01_UDB-23	I
E150024856_L01_UDB-52_SB_13	A0123	E150024856_L01_UDB-52	I	E150024856_L01_UDB-56_SB_22	E150024856_L01_UDB-56	I
E150024856_L01_UDB-52_SB_13	A0123	E150024856_L01_UDB-52	I	E150024856_L01_UDB-41_SB_12	E150024856_L01_UDB-41	I
E150024856_L01_UDB-52_SB_13	A0123	E150024856_L01_UDB-52	I	E100079703_L01_UDB-113_vae_5031	E100079703_L01_UDB-113	I
E150024856_L01_UDB-52_SB_13	A0123	E150024856_L01_UDB-52	I	E150024856_L01_UDB-42_SB_58	E150024856_L01_UDB-42	I
E150024856_L01_UDB-52_SB_13	A0123	E150024856_L01_UDB-52	I	E100079703_L01_UDB-128_aae_z_101	E100079703_L01_UDB-128	I
E150024856_L01_UDB-52_SB_13	A0123	E150024856_L01_UDB-52	I	E100079703_L01_UDB-124_vae_19194	E100079703_L01_UDB-124	M
E150024856_L01_UDB-52_SB_13	A0123	E150024856_L01_UDB-52	I	E150024856_L01_UDB-61_SB_286	E150024856_L01_UDB-61	M
E150024856_L01_UDB-52_SB_13	A0123	E150024856_L01_UDB-52	I	E100079703_L01_UDB-100_vae_22207	E100079703_L01_UDB-100	M
E150024856_L01_UDB-52_vae_30486	A0124	E150024856_L01_UDB-52	I	E150024856_L01_UDB-52_vae_30486	E150024856_L01_UDB-52	I
E150024856_L01_UDB-52_vae_354	A0125	E150024856_L01_UDB-52	I	E150024856_L01_UDB-52_vae_354	E150024856_L01_UDB-52	I
E150024856_L01_UDB-53_SB_16	A0126	E150024856_L01_UDB-53	I	E150024856_L01_UDB-53_SB_16	E150024856_L01_UDB-53	I
E150024856_L01_UDB-53_SB_16	A0126	E150024856_L01_UDB-53	I	E150024856_L01_UDB-158_vae_6722	E150024856_L01_UDB-158	I
E150024856_L01_UDB-53_SB_16	A0126	E150024856_L01_UDB-53	I	E100079703_L01_UDB-127_vae_673	E100079703_L01_UDB-127	I
E150024856_L01_UDB-53_SB_16	A0126	E150024856_L01_UDB-53	I	E100079703_L01_UDB-105_vae_13976	E100079703_L01_UDB-105	I
E150024856_L01_UDB-53_SB_16	A0126	E150024856_L01_UDB-53	I	E100079703_L01_UDB-116_vae_10173	E100079703_L01_UDB-116	I
E150024856_L01_UDB-53_SB_16	A0126	E150024856_L01_UDB-53	I	E150024856_L01_UDB-38_aae_z_3150	E150024856_L01_UDB-38	I
E150024856_L01_UDB-53_SB_16	A0126	E150024856_L01_UDB-53	I	E150024856_L01_UDB-168_aae_z_403	E150024856_L01_UDB-168	I
E150024856_L01_UDB-53_SB_16	A0126	E150024856_L01_UDB-53	I	E100079703_L01_UDB-150_vae_11973	E100079703_L01_UDB-150	I
E150024856_L01_UDB-53_SB_16	A0126	E150024856_L01_UDB-53	I	E150024856_L01_UDB-9_vae_427	E150024856_L01_UDB-9	I
E150024856_L01_UDB-53_SB_16	A0126	E150024856_L01_UDB-53	I	E150024856_L01_UDB-186_aae_z_1179	E150024856_L01_UDB-186	I
E150024856_L01_UDB-53_SB_16	A0126	E150024856_L01_UDB-53	I	E100079703_L01_UDB-132_vae_6186	E100079703_L01_UDB-132	I
E150024856_L01_UDB-53_SB_16	A0126	E150024856_L01_UDB-53	I	E150024856_L01_UDB-8_vae_3743	E150024856_L01_UDB-8	I
E150024856_L01_UDB-53_SB_16	A0126	E150024856_L01_UDB-53	I	E150024856_L01_UDB-42_SB_5	E150024856_L01_UDB-42	I
E150024856_L01_UDB-53_SB_16	A0126	E150024856_L01_UDB-53	I	E150024856_L01_UDB-45_SB_13	E150024856_L01_UDB-45	I
E150024856_L01_UDB-53_vae_10203	A0127	E150024856_L01_UDB-53	I	E150024856_L01_UDB-53_vae_10203	E150024856_L01_UDB-53	I
E150024856_L01_UDB-53_vae_10203	A0127	E150024856_L01_UDB-53	I	E150024856_L01_UDB-50_SB_51	E150024856_L01_UDB-50	I
E150024856_L01_UDB-53_vae_10203	A0127	E150024856_L01_UDB-53	I	E150024856_L01_UDB-158_aae_z_369	E150024856_L01_UDB-158	I
E150024856_L01_UDB-54_aae_z_21703	A0130	E150024856_L01_UDB-54	I	E150024856_L01_UDB-54_aae_z_21703	E150024856_L01_UDB-54	I
E150024856_L01_UDB-54_SB_64	A0129	E150024856_L01_UDB-54	I	E150024856_L01_UDB-54_SB_64	E150024856_L01_UDB-54	I
E150024856_L01_UDB-54_vae_23854	A0131	E150024856_L01_UDB-54	I	E150024856_L01_UDB-54_vae_23854	E150024856_L01_UDB-54	I
E150024856_L01_UDB-55_SB_18	A0063	E150024856_L01_UDB-55	I	E150024856_L01_UDB-160_vae_3097	E150024856_L01_UDB-160	I
E150024856_L01_UDB-55_SB_18	A0063	E150024856_L01_UDB-55	I	E150024856_L01_UDB-57_SB_41	E150024856_L01_UDB-57	I
E150024856_L01_UDB-55_SB_18	A0063	E150024856_L01_UDB-55	I	E150024856_L01_UDB-56_SB_77	E150024856_L01_UDB-56	I
E150024856_L01_UDB-55_SB_18	A0063	E150024856_L01_UDB-55	I	E150024856_L01_UDB-55_SB_18	E150024856_L01_UDB-55	I
E150024856_L01_UDB-55_vae_829	A0133	E150024856_L01_UDB-55	I	E150024856_L01_UDB-55_vae_829	E150024856_L01_UDB-55	I
E150024856_L01_UDB-56_SB_26	A0135	E150024856_L01_UDB-56	I	E150024856_L01_UDB-56_SB_26	E150024856_L01_UDB-56	I
E150024856_L01_UDB-56_vae_40046	A0136	E150024856_L01_UDB-56	I	E150024856_L01_UDB-56_vae_40046	E150024856_L01_UDB-56	I
E150024856_L01_UDB-57_aae_z_36167	A0140	E150024856_L01_UDB-57	I	E150024856_L01_UDB-57_aae_z_36167	E150024856_L01_UDB-57	I
E150024856_L01_UDB-57_SB_125	A0137	E150024856_L01_UDB-57	I	E150024856_L01_UDB-57_SB_125	E150024856_L01_UDB-57	I
E150024856_L01_UDB-57_SB_125	A0137	E150024856_L01_UDB-57	I	E150024856_L01_UDB-45_SB_21	E150024856_L01_UDB-45	I
E150024856_L01_UDB-57_SB_125	A0137	E150024856_L01_UDB-57	I	E150024856_L01_UDB-159_aae_y_1	E150024856_L01_UDB-159	I
E150024856_L01_UDB-57_SB_30	A0138	E150024856_L01_UDB-57	I	E150024856_L01_UDB-57_SB_30	E150024856_L01_UDB-57	I
E150024856_L01_UDB-57_SB_30	A0138	E150024856_L01_UDB-57	I	E150024856_L01_UDB-45_SB_40	E150024856_L01_UDB-45	I
E150024856_L01_UDB-57_SB_30	A0138	E150024856_L01_UDB-57	I	E150024856_L01_UDB-168_vae_6374	E150024856_L01_UDB-168	I
E150024856_L01_UDB-57_SB_30	A0138	E150024856_L01_UDB-57	I	E100079703_L01_UDB-150_vae_1625	E100079703_L01_UDB-150	I
E150024856_L01_UDB-57_SB_30	A0138	E150024856_L01_UDB-57	I	E150024856_L01_UDB-63_vae_15268	E150024856_L01_UDB-63	M
E150024856_L01_UDB-57_SB_30	A0138	E150024856_L01_UDB-57	I	E100079703_L01_UDB-121_vae_3706	E100079703_L01_UDB-121	M
E150024856_L01_UDB-57_SB_30	A0138	E150024856_L01_UDB-57	I	E150024856_L01_UDB-58_aae_z_20398	E150024856_L01_UDB-58	M
E150024856_L01_UDB-57_SB_30	A0138	E150024856_L01_UDB-57	I	E100079703_L01_UDB-122_aae_z_14746	E100079703_L01_UDB-122	M
E150024856_L01_UDB-57_SB_30	A0138	E150024856_L01_UDB-57	I	E150024856_L01_UDB-60_SB_38	E150024856_L01_UDB-60	M
E150024856_L01_UDB-57_vae_41428	A0142	E150024856_L01_UDB-57	I	E150024856_L01_UDB-57_vae_41428	E150024856_L01_UDB-57	I
E150024856_L01_UDB-57_vae_41428	A0142	E150024856_L01_UDB-57	I	E100079703_L01_UDB-120_vae_1552	E100079703_L01_UDB-120	I
E150024856_L01_UDB-57_vae_41428	A0142	E150024856_L01_UDB-57	I	E150024856_L01_UDB-162_vae_2720	E150024856_L01_UDB-162	I
E150024856_L01_UDB-58_SB_102	A0144	E150024856_L01_UDB-58	M	E150024856_L01_UDB-58_SB_102	E150024856_L01_UDB-58	M
E150024856_L01_UDB-58_SB_106	A0146	E150024856_L01_UDB-58	M	E150024856_L01_UDB-58_SB_106	E150024856_L01_UDB-58	M
E150024856_L01_UDB-58_SB_108	A0147	E150024856_L01_UDB-58	M	E150024856_L01_UDB-58_SB_108	E150024856_L01_UDB-58	M
E150024856_L01_UDB-58_SB_113	A0149	E150024856_L01_UDB-58	M	E150024856_L01_UDB-58_SB_113	E150024856_L01_UDB-58	M
E150024856_L01_UDB-58_SB_115	A0150	E150024856_L01_UDB-58	M	E150024856_L01_UDB-58_SB_115	E150024856_L01_UDB-58	M
E150024856_L01_UDB-58_SB_215	A0156	E150024856_L01_UDB-58	M	E150024856_L01_UDB-58_SB_215	E150024856_L01_UDB-58	M
E150024856_L01_UDB-58_SB_227	A0157	E150024856_L01_UDB-58	M	E150024856_L01_UDB-58_SB_227	E150024856_L01_UDB-58	M
E150024856_L01_UDB-58_SB_26	A0158	E150024856_L01_UDB-58	M	E150024856_L01_UDB-58_SB_26	E150024856_L01_UDB-58	M
E150024856_L01_UDB-58_SB_286	A0159	E150024856_L01_UDB-58	M	E150024856_L01_UDB-58_SB_286	E150024856_L01_UDB-58	M
E150024856_L01_UDB-58_SB_309	A0160	E150024856_L01_UDB-58	M	E150024856_L01_UDB-58_SB_309	E150024856_L01_UDB-58	M
E150024856_L01_UDB-58_SB_309	A0160	E150024856_L01_UDB-58	M	E150024856_L01_UDB-64_SB_285	E150024856_L01_UDB-64	M
E150024856_L01_UDB-58_SB_309	A0160	E150024856_L01_UDB-58	M	E150024856_L01_UDB-59_SB_125	E150024856_L01_UDB-59	M
E150024856_L01_UDB-58_SB_309	A0160	E150024856_L01_UDB-58	M	E150024856_L01_UDB-63_SB_94	E150024856_L01_UDB-63	M
E150024856_L01_UDB-58_SB_8	A0162	E150024856_L01_UDB-58	M	E150024856_L01_UDB-58_SB_8	E150024856_L01_UDB-58	M
E150024856_L01_UDB-58_SB_8	A0162	E150024856_L01_UDB-58	M	E150024856_L01_UDB-63_SB_34	E150024856_L01_UDB-63	M
E150024856_L01_UDB-58_SB_8	A0162	E150024856_L01_UDB-58	M	E150024856_L01_UDB-64_SB_17	E150024856_L01_UDB-64	M
E150024856_L01_UDB-58_SB_8	A0162	E150024856_L01_UDB-58	M	E150024856_L01_UDB-59_SB_66	E150024856_L01_UDB-59	M
E150024856_L01_UDB-58_vae_161	A0166	E150024856_L01_UDB-58	M	E150024856_L01_UDB-58_vae_161	E150024856_L01_UDB-58	M
E150024856_L01_UDB-58_vae_16530	A0167	E150024856_L01_UDB-58	M	E150024856_L01_UDB-58_vae_16530	E150024856_L01_UDB-58	M
E150024856_L01_UDB-59_SB_102	A0168	E150024856_L01_UDB-59	M	E150024856_L01_UDB-59_SB_102	E150024856_L01_UDB-59	M
E150024856_L01_UDB-59_SB_109	A0169	E150024856_L01_UDB-59	M	E150024856_L01_UDB-59_SB_109	E150024856_L01_UDB-59	M
E150024856_L01_UDB-59_SB_109	A0169	E150024856_L01_UDB-59	M	E150024856_L01_UDB-64_vae_128082	E150024856_L01_UDB-64	M
E150024856_L01_UDB-59_SB_110	A0170	E150024856_L01_UDB-59	M	E150024856_L01_UDB-59_SB_110	E150024856_L01_UDB-59	M
E150024856_L01_UDB-59_SB_118	A0171	E150024856_L01_UDB-59	M	E150024856_L01_UDB-59_SB_118	E150024856_L01_UDB-59	M
E150024856_L01_UDB-59_SB_118	A0171	E150024856_L01_UDB-59	M	E150024856_L01_UDB-61_SB_28	E150024856_L01_UDB-61	M
E150024856_L01_UDB-59_SB_118	A0171	E150024856_L01_UDB-59	M	E150024856_L01_UDB-64_SB_101	E150024856_L01_UDB-64	M
E150024856_L01_UDB-59_SB_138	A0173	E150024856_L01_UDB-59	M	E150024856_L01_UDB-59_SB_138	E150024856_L01_UDB-59	M
E150024856_L01_UDB-59_SB_145	A0174	E150024856_L01_UDB-59	M	E150024856_L01_UDB-59_SB_145	E150024856_L01_UDB-59	M
E150024856_L01_UDB-59_SB_145	A0174	E150024856_L01_UDB-59	M	E150024856_L01_UDB-64_SB_130	E150024856_L01_UDB-64	M
E150024856_L01_UDB-59_SB_166	A0175	E150024856_L01_UDB-59	M	E150024856_L01_UDB-59_SB_166	E150024856_L01_UDB-59	M
E150024856_L01_UDB-59_SB_177	A0177	E150024856_L01_UDB-59	M	E150024856_L01_UDB-59_SB_177	E150024856_L01_UDB-59	M
E150024856_L01_UDB-59_SB_189	A0178	E150024856_L01_UDB-59	M	E150024856_L01_UDB-59_SB_189	E150024856_L01_UDB-59	M
E150024856_L01_UDB-59_SB_193	A0180	E150024856_L01_UDB-59	M	E150024856_L01_UDB-59_SB_193	E150024856_L01_UDB-59	M
E150024856_L01_UDB-59_SB_217	A0181	E150024856_L01_UDB-59	M	E150024856_L01_UDB-59_SB_217	E150024856_L01_UDB-59	M
E150024856_L01_UDB-59_SB_217	A0181	E150024856_L01_UDB-59	M	E150024856_L01_UDB-60_SB_24	E150024856_L01_UDB-60	M
E150024856_L01_UDB-59_SB_302	A0183	E150024856_L01_UDB-59	M	E150024856_L01_UDB-59_SB_302	E150024856_L01_UDB-59	M
E150024856_L01_UDB-59_SB_305	A0184	E150024856_L01_UDB-59	M	E150024856_L01_UDB-59_SB_305	E150024856_L01_UDB-59	M
E150024856_L01_UDB-59_SB_319	A0185	E150024856_L01_UDB-59	M	E150024856_L01_UDB-59_SB_319	E150024856_L01_UDB-59	M
E150024856_L01_UDB-59_SB_330	A0186	E150024856_L01_UDB-59	M	E150024856_L01_UDB-59_SB_330	E150024856_L01_UDB-59	M
E150024856_L01_UDB-59_SB_395	A0187	E150024856_L01_UDB-59	M	E150024856_L01_UDB-59_SB_395	E150024856_L01_UDB-59	M
E150024856_L01_UDB-59_SB_395	A0187	E150024856_L01_UDB-59	M	E150024856_L01_UDB-58_SB_163	E150024856_L01_UDB-58	M
E150024856_L01_UDB-59_SB_42	A0188	E150024856_L01_UDB-59	M	E150024856_L01_UDB-59_SB_42	E150024856_L01_UDB-59	M
E150024856_L01_UDB-59_SB_42	A0188	E150024856_L01_UDB-59	M	E150024856_L01_UDB-64_vae_129384	E150024856_L01_UDB-64	M
E150024856_L01_UDB-59_SB_436	A0189	E150024856_L01_UDB-59	M	E150024856_L01_UDB-59_SB_436	E150024856_L01_UDB-59	M
E150024856_L01_UDB-59_SB_436	A0189	E150024856_L01_UDB-59	M	E100079703_L01_UDB-126_aae_z_16413	E100079703_L01_UDB-126	M
E150024856_L01_UDB-59_SB_52	A0190	E150024856_L01_UDB-59	M	E150024856_L01_UDB-59_SB_52	E150024856_L01_UDB-59	M
E150024856_L01_UDB-59_SB_592	A0191	E150024856_L01_UDB-59	M	E150024856_L01_UDB-59_SB_592	E150024856_L01_UDB-59	M
E150024856_L01_UDB-59_SB_84	A0192	E150024856_L01_UDB-59	M	E150024856_L01_UDB-59_SB_84	E150024856_L01_UDB-59	M
E150024856_L01_UDB-59_SB_84	A0192	E150024856_L01_UDB-59	M	E150024856_L01_UDB-60_SB_145	E150024856_L01_UDB-60	M
E150024856_L01_UDB-59_vae_120703	A0193	E150024856_L01_UDB-59	M	E150024856_L01_UDB-59_vae_120703	E150024856_L01_UDB-59	M
E150024856_L01_UDB-59_vae_120703	A0193	E150024856_L01_UDB-59	M	E150024856_L01_UDB-63_SB_429	E150024856_L01_UDB-63	M
E150024856_L01_UDB-59_vae_120703	A0193	E150024856_L01_UDB-59	M	E150024856_L01_UDB-64_vae_152979	E150024856_L01_UDB-64	M
E150024856_L01_UDB-59_vae_120703	A0193	E150024856_L01_UDB-59	M	E150024856_L01_UDB-61_vae_14385	E150024856_L01_UDB-61	M
E150024856_L01_UDB-6_vae_20276	A0336	E150024856_L01_UDB-6	I	E150024856_L01_UDB-6_vae_20276	E150024856_L01_UDB-6	I
E150024856_L01_UDB-60_SB_109	A0276	E150024856_L01_UDB-60	M	E150024856_L01_UDB-60_SB_109	E150024856_L01_UDB-60	M
E150024856_L01_UDB-60_SB_109	A0276	E150024856_L01_UDB-60	M	E100079703_L01_UDB-121_vae_6714	E100079703_L01_UDB-121	M
E150024856_L01_UDB-60_SB_109	A0276	E150024856_L01_UDB-60	M	E100079703_L01_UDB-123_vae_5559	E100079703_L01_UDB-123	M
E150024856_L01_UDB-60_SB_109	A0276	E150024856_L01_UDB-60	M	E150024856_L01_UDB-59_SB_176	E150024856_L01_UDB-59	M
E150024856_L01_UDB-60_SB_148	A0197	E150024856_L01_UDB-60	M	E150024856_L01_UDB-60_SB_148	E150024856_L01_UDB-60	M
E150024856_L01_UDB-60_SB_158	A0198	E150024856_L01_UDB-60	M	E150024856_L01_UDB-60_SB_158	E150024856_L01_UDB-60	M
E150024856_L01_UDB-60_SB_159	A0199	E150024856_L01_UDB-60	M	E150024856_L01_UDB-60_SB_159	E150024856_L01_UDB-60	M
E150024856_L01_UDB-60_SB_162	A0200	E150024856_L01_UDB-60	M	E150024856_L01_UDB-60_SB_162	E150024856_L01_UDB-60	M
E150024856_L01_UDB-60_SB_163	A0201	E150024856_L01_UDB-60	M	E150024856_L01_UDB-60_SB_163	E150024856_L01_UDB-60	M
E150024856_L01_UDB-60_SB_180	A0202	E150024856_L01_UDB-60	M	E150024856_L01_UDB-60_SB_180	E150024856_L01_UDB-60	M
E150024856_L01_UDB-60_SB_183	A0203	E150024856_L01_UDB-60	M	E150024856_L01_UDB-60_SB_183	E150024856_L01_UDB-60	M
E150024856_L01_UDB-60_SB_183	A0203	E150024856_L01_UDB-60	M	E150024856_L01_UDB-64_SB_457	E150024856_L01_UDB-64	M
E150024856_L01_UDB-60_SB_183	A0203	E150024856_L01_UDB-60	M	E100079703_L01_UDB-100_SB_28	E100079703_L01_UDB-100	M
E150024856_L01_UDB-60_SB_183	A0203	E150024856_L01_UDB-60	M	E150024856_L01_UDB-61_aae_z_73297	E150024856_L01_UDB-61	M
E150024856_L01_UDB-60_SB_188	A0204	E150024856_L01_UDB-60	M	E150024856_L01_UDB-60_SB_188	E150024856_L01_UDB-60	M
E150024856_L01_UDB-60_SB_223	A0205	E150024856_L01_UDB-60	M	E150024856_L01_UDB-60_SB_223	E150024856_L01_UDB-60	M
E150024856_L01_UDB-60_SB_264	A0206	E150024856_L01_UDB-60	M	E150024856_L01_UDB-60_SB_264	E150024856_L01_UDB-60	M
E150024856_L01_UDB-60_SB_285	A0207	E150024856_L01_UDB-60	M	E150024856_L01_UDB-60_SB_285	E150024856_L01_UDB-60	M
E150024856_L01_UDB-60_SB_318	A0208	E150024856_L01_UDB-60	M	E150024856_L01_UDB-60_SB_318	E150024856_L01_UDB-60	M
E150024856_L01_UDB-60_SB_324	A0210	E150024856_L01_UDB-60	M	E150024856_L01_UDB-60_SB_324	E150024856_L01_UDB-60	M
E150024856_L01_UDB-60_SB_34	A0212	E150024856_L01_UDB-60	M	E150024856_L01_UDB-60_SB_34	E150024856_L01_UDB-60	M
E150024856_L01_UDB-60_SB_35	A0213	E150024856_L01_UDB-60	M	E150024856_L01_UDB-60_SB_35	E150024856_L01_UDB-60	M
E150024856_L01_UDB-60_SB_35	A0213	E150024856_L01_UDB-60	M	E150024856_L01_UDB-63_SB_15	E150024856_L01_UDB-63	M
E150024856_L01_UDB-60_SB_65	A0216	E150024856_L01_UDB-60	M	E150024856_L01_UDB-60_SB_65	E150024856_L01_UDB-60	M
E150024856_L01_UDB-60_SB_84	A0219	E150024856_L01_UDB-60	M	E150024856_L01_UDB-60_SB_84	E150024856_L01_UDB-60	M
E150024856_L01_UDB-60_SB_88	A0220	E150024856_L01_UDB-60	M	E150024856_L01_UDB-60_SB_88	E150024856_L01_UDB-60	M
E150024856_L01_UDB-60_SB_95	A0221	E150024856_L01_UDB-60	M	E150024856_L01_UDB-60_SB_95	E150024856_L01_UDB-60	M
E150024856_L01_UDB-60_vae_123887	A0224	E150024856_L01_UDB-60	M	E150024856_L01_UDB-60_vae_123887	E150024856_L01_UDB-60	M
E150024856_L01_UDB-60_vae_123887	A0224	E150024856_L01_UDB-60	M	E150024856_L01_UDB-59_SB_433	E150024856_L01_UDB-59	M
E150024856_L01_UDB-60_vae_123887	A0224	E150024856_L01_UDB-60	M	E150024856_L01_UDB-63_SB_3	E150024856_L01_UDB-63	M
E150024856_L01_UDB-60_vae_146635	A0225	E150024856_L01_UDB-60	M	E150024856_L01_UDB-60_vae_146635	E150024856_L01_UDB-60	M
E150024856_L01_UDB-61_SB_120	A0227	E150024856_L01_UDB-61	M	E150024856_L01_UDB-61_SB_120	E150024856_L01_UDB-61	M
E150024856_L01_UDB-61_SB_136	A0228	E150024856_L01_UDB-61	M	E150024856_L01_UDB-61_SB_136	E150024856_L01_UDB-61	M
E150024856_L01_UDB-61_SB_269	A0232	E150024856_L01_UDB-61	M	E150024856_L01_UDB-61_SB_269	E150024856_L01_UDB-61	M
E150024856_L01_UDB-61_SB_269	A0232	E150024856_L01_UDB-61	M	E150024856_L01_UDB-59_SB_74	E150024856_L01_UDB-59	M
E150024856_L01_UDB-61_SB_40	A0233	E150024856_L01_UDB-61	M	E150024856_L01_UDB-61_SB_40	E150024856_L01_UDB-61	M
E150024856_L01_UDB-61_SB_40	A0233	E150024856_L01_UDB-61	M	E150024856_L01_UDB-64_SB_92	E150024856_L01_UDB-64	M
E150024856_L01_UDB-61_SB_52	A0235	E150024856_L01_UDB-61	M	E150024856_L01_UDB-61_SB_52	E150024856_L01_UDB-61	M
E150024856_L01_UDB-61_SB_52	A0235	E150024856_L01_UDB-61	M	E150024856_L01_UDB-59_SB_13	E150024856_L01_UDB-59	M
E150024856_L01_UDB-61_SB_52	A0235	E150024856_L01_UDB-61	M	E150024856_L01_UDB-63_SB_49	E150024856_L01_UDB-63	M
E150024856_L01_UDB-61_SB_52	A0235	E150024856_L01_UDB-61	M	E150024856_L01_UDB-64_SB_48	E150024856_L01_UDB-64	M
E150024856_L01_UDB-61_vae_3591	A0240	E150024856_L01_UDB-61	M	E150024856_L01_UDB-61_vae_3591	E150024856_L01_UDB-61	M
E150024856_L01_UDB-61_vae_72663	A0241	E150024856_L01_UDB-61	M	E150024856_L01_UDB-61_vae_72663	E150024856_L01_UDB-61	M
E150024856_L01_UDB-61_vae_72663	A0241	E150024856_L01_UDB-61	M	E150024856_L01_UDB-59_SB_341	E150024856_L01_UDB-59	M
E150024856_L01_UDB-61_vae_760	A0242	E150024856_L01_UDB-61	M	E150024856_L01_UDB-61_vae_760	E150024856_L01_UDB-61	M
E150024856_L01_UDB-61_vae_760	A0242	E150024856_L01_UDB-61	M	E150024856_L01_UDB-59_SB_472	E150024856_L01_UDB-59	M
E150024856_L01_UDB-61_vae_80250	A0243	E150024856_L01_UDB-61	M	E150024856_L01_UDB-61_vae_80250	E150024856_L01_UDB-61	M
E150024856_L01_UDB-63_SB_107	A0278	E150024856_L01_UDB-63	M	E150024856_L01_UDB-63_SB_107	E150024856_L01_UDB-63	M
E150024856_L01_UDB-63_SB_107	A0278	E150024856_L01_UDB-63	M	E150024856_L01_UDB-58_SB_98	E150024856_L01_UDB-58	M
E150024856_L01_UDB-63_SB_108	A0279	E150024856_L01_UDB-63	M	E150024856_L01_UDB-63_SB_108	E150024856_L01_UDB-63	M
E150024856_L01_UDB-63_SB_110	A0280	E150024856_L01_UDB-63	M	E100079703_L01_UDB-140_vae_2347	E100079703_L01_UDB-140	I
E150024856_L01_UDB-63_SB_110	A0280	E150024856_L01_UDB-63	M	E150024856_L01_UDB-63_SB_110	E150024856_L01_UDB-63	M
E150024856_L01_UDB-63_SB_174	A0282	E150024856_L01_UDB-63	M	E150024856_L01_UDB-63_SB_174	E150024856_L01_UDB-63	M
E150024856_L01_UDB-63_SB_179	A0283	E150024856_L01_UDB-63	M	E150024856_L01_UDB-63_SB_179	E150024856_L01_UDB-63	M
E150024856_L01_UDB-63_SB_179	A0283	E150024856_L01_UDB-63	M	E150024856_L01_UDB-59_vae_166338	E150024856_L01_UDB-59	M
E150024856_L01_UDB-63_SB_179	A0283	E150024856_L01_UDB-63	M	E150024856_L01_UDB-64_SB_234	E150024856_L01_UDB-64	M
E150024856_L01_UDB-63_SB_179	A0283	E150024856_L01_UDB-63	M	E150024856_L01_UDB-60_SB_48	E150024856_L01_UDB-60	M
E150024856_L01_UDB-63_SB_182	A0284	E150024856_L01_UDB-63	M	E150024856_L01_UDB-63_SB_182	E150024856_L01_UDB-63	M
E150024856_L01_UDB-63_SB_182	A0284	E150024856_L01_UDB-63	M	E150024856_L01_UDB-58_SB_205	E150024856_L01_UDB-58	M
E150024856_L01_UDB-63_SB_193	A0285	E150024856_L01_UDB-63	M	E150024856_L01_UDB-63_SB_193	E150024856_L01_UDB-63	M
E150024856_L01_UDB-63_SB_208	A0286	E150024856_L01_UDB-63	M	E150024856_L01_UDB-63_SB_208	E150024856_L01_UDB-63	M
E150024856_L01_UDB-63_SB_208	A0286	E150024856_L01_UDB-63	M	E150024856_L01_UDB-59_SB_199	E150024856_L01_UDB-59	M
E150024856_L01_UDB-63_SB_211	A0287	E150024856_L01_UDB-63	M	E150024856_L01_UDB-63_SB_211	E150024856_L01_UDB-63	M
E150024856_L01_UDB-63_SB_212	A0288	E150024856_L01_UDB-63	M	E150024856_L01_UDB-63_SB_212	E150024856_L01_UDB-63	M
E150024856_L01_UDB-63_SB_306	A0290	E150024856_L01_UDB-63	M	E150024856_L01_UDB-63_SB_306	E150024856_L01_UDB-63	M
E150024856_L01_UDB-63_SB_307	A0291	E150024856_L01_UDB-63	M	E150024856_L01_UDB-63_SB_307	E150024856_L01_UDB-63	M
E150024856_L01_UDB-63_SB_311	A0292	E150024856_L01_UDB-63	M	E150024856_L01_UDB-63_SB_311	E150024856_L01_UDB-63	M
E150024856_L01_UDB-63_SB_325	A0293	E150024856_L01_UDB-63	M	E150024856_L01_UDB-63_SB_325	E150024856_L01_UDB-63	M
E150024856_L01_UDB-63_SB_344	A0294	E150024856_L01_UDB-63	M	E150024856_L01_UDB-63_SB_344	E150024856_L01_UDB-63	M
E150024856_L01_UDB-63_SB_344	A0294	E150024856_L01_UDB-63	M	E150024856_L01_UDB-59_SB_480	E150024856_L01_UDB-59	M
E150024856_L01_UDB-63_SB_52	A0295	E150024856_L01_UDB-63	M	E150024856_L01_UDB-63_SB_52	E150024856_L01_UDB-63	M
E150024856_L01_UDB-63_SB_58	A0297	E150024856_L01_UDB-63	M	E150024856_L01_UDB-63_SB_58	E150024856_L01_UDB-63	M
E150024856_L01_UDB-63_SB_65	A0299	E150024856_L01_UDB-63	M	E150024856_L01_UDB-63_SB_65	E150024856_L01_UDB-63	M
E150024856_L01_UDB-63_SB_72	A0301	E150024856_L01_UDB-63	M	E150024856_L01_UDB-63_SB_72	E150024856_L01_UDB-63	M
E150024856_L01_UDB-63_SB_72	A0301	E150024856_L01_UDB-63	M	E150024856_L01_UDB-64_SB_187	E150024856_L01_UDB-64	M
E150024856_L01_UDB-63_SB_72	A0301	E150024856_L01_UDB-63	M	E150024856_L01_UDB-59_SB_81	E150024856_L01_UDB-59	M
E150024856_L01_UDB-63_SB_72	A0301	E150024856_L01_UDB-63	M	E150024856_L01_UDB-61_aae_z_67837	E150024856_L01_UDB-61	M
E150024856_L01_UDB-63_SB_74	A0302	E150024856_L01_UDB-63	M	E150024856_L01_UDB-63_SB_74	E150024856_L01_UDB-63	M
E150024856_L01_UDB-63_SB_81	A0303	E150024856_L01_UDB-63	M	E150024856_L01_UDB-63_SB_81	E150024856_L01_UDB-63	M
E150024856_L01_UDB-63_SB_81	A0303	E150024856_L01_UDB-63	M	E150024856_L01_UDB-60_SB_117	E150024856_L01_UDB-60	M
E150024856_L01_UDB-63_SB_91	A0305	E150024856_L01_UDB-63	M	E150024856_L01_UDB-63_SB_91	E150024856_L01_UDB-63	M
E150024856_L01_UDB-63_SB_93	A0306	E150024856_L01_UDB-63	M	E150024856_L01_UDB-63_SB_93	E150024856_L01_UDB-63	M
E150024856_L01_UDB-63_SB_93	A0306	E150024856_L01_UDB-63	M	E100079703_L01_UDB-125_vae_25227	E100079703_L01_UDB-125	M
E150024856_L01_UDB-63_vae_51877	A0308	E150024856_L01_UDB-63	M	E150024856_L01_UDB-63_vae_51877	E150024856_L01_UDB-63	M
E150024856_L01_UDB-63_vae_71841	A0310	E150024856_L01_UDB-63	M	E150024856_L01_UDB-63_vae_71841	E150024856_L01_UDB-63	M
E150024856_L01_UDB-63_vae_9376	A0311	E150024856_L01_UDB-63	M	E150024856_L01_UDB-63_vae_9376	E150024856_L01_UDB-63	M
E150024856_L01_UDB-63_vae_9376	A0311	E150024856_L01_UDB-63	M	E100079703_L01_UDB-101_vae_4223	E100079703_L01_UDB-101	M
E150024856_L01_UDB-64_SB_12	A0017	E150024856_L01_UDB-64	M	E100079703_L01_UDB-100_vae_520	E100079703_L01_UDB-100	M
E150024856_L01_UDB-64_SB_12	A0017	E150024856_L01_UDB-64	M	E150024856_L01_UDB-59_SB_156	E150024856_L01_UDB-59	M
E150024856_L01_UDB-64_SB_12	A0017	E150024856_L01_UDB-64	M	E150024856_L01_UDB-64_SB_12	E150024856_L01_UDB-64	M
E150024856_L01_UDB-64_SB_171	A0316	E150024856_L01_UDB-64	M	E150024856_L01_UDB-64_SB_171	E150024856_L01_UDB-64	M
E150024856_L01_UDB-64_SB_178	A0317	E150024856_L01_UDB-64	M	E150024856_L01_UDB-64_SB_178	E150024856_L01_UDB-64	M
E150024856_L01_UDB-64_SB_219	A0319	E150024856_L01_UDB-64	M	E150024856_L01_UDB-64_SB_219	E150024856_L01_UDB-64	M
E150024856_L01_UDB-64_SB_229	A0320	E150024856_L01_UDB-64	M	E150024856_L01_UDB-64_SB_229	E150024856_L01_UDB-64	M
E150024856_L01_UDB-64_SB_251	A0321	E150024856_L01_UDB-64	M	E150024856_L01_UDB-64_SB_251	E150024856_L01_UDB-64	M
E150024856_L01_UDB-64_SB_267	A0322	E150024856_L01_UDB-64	M	E150024856_L01_UDB-45_SB_33	E150024856_L01_UDB-45	I
E150024856_L01_UDB-64_SB_267	A0322	E150024856_L01_UDB-64	M	E150024856_L01_UDB-64_SB_267	E150024856_L01_UDB-64	M
E150024856_L01_UDB-64_SB_267	A0322	E150024856_L01_UDB-64	M	E150024856_L01_UDB-58_SB_75	E150024856_L01_UDB-58	M
E150024856_L01_UDB-64_SB_267	A0322	E150024856_L01_UDB-64	M	E150024856_L01_UDB-63_SB_201	E150024856_L01_UDB-63	M
E150024856_L01_UDB-64_SB_27	A0323	E150024856_L01_UDB-64	M	E150024856_L01_UDB-64_SB_27	E150024856_L01_UDB-64	M
E150024856_L01_UDB-64_SB_307	A0324	E150024856_L01_UDB-64	M	E150024856_L01_UDB-64_SB_307	E150024856_L01_UDB-64	M
E150024856_L01_UDB-64_SB_307	A0324	E150024856_L01_UDB-64	M	E150024856_L01_UDB-63_vae_21708	E150024856_L01_UDB-63	M
E150024856_L01_UDB-64_SB_328	A0325	E150024856_L01_UDB-64	M	E150024856_L01_UDB-64_SB_328	E150024856_L01_UDB-64	M
E150024856_L01_UDB-64_SB_37	A0327	E150024856_L01_UDB-64	M	E150024856_L01_UDB-64_SB_37	E150024856_L01_UDB-64	M
E150024856_L01_UDB-64_SB_386	A0328	E150024856_L01_UDB-64	M	E150024856_L01_UDB-64_SB_386	E150024856_L01_UDB-64	M
E150024856_L01_UDB-64_SB_389	A0329	E150024856_L01_UDB-64	M	E150024856_L01_UDB-64_SB_389	E150024856_L01_UDB-64	M
E150024856_L01_UDB-64_SB_389	A0329	E150024856_L01_UDB-64	M	E150024856_L01_UDB-63_SB_207	E150024856_L01_UDB-63	M
E150024856_L01_UDB-64_SB_685	A0330	E150024856_L01_UDB-64	M	E150024856_L01_UDB-64_SB_685	E150024856_L01_UDB-64	M
E150024856_L01_UDB-64_SB_99	A0333	E150024856_L01_UDB-64	M	E150024856_L01_UDB-64_SB_99	E150024856_L01_UDB-64	M
E150024856_L01_UDB-64_vae_161385	A0335	E150024856_L01_UDB-64	M	E150024856_L01_UDB-64_vae_161385	E150024856_L01_UDB-64	M
E150024856_L01_UDB-7_vae_6061	A0337	E150024856_L01_UDB-7	I	E150024856_L01_UDB-7_vae_6061	E150024856_L01_UDB-7	I
E150024856_L01_UDB-8_aae_z_2061	A0338	E150024856_L01_UDB-8	I	E150024856_L01_UDB-8_aae_z_2061	E150024856_L01_UDB-8	I
E150024856_L01_UDB-9_vae_6577	A0342	E150024856_L01_UDB-9	I	E150024856_L01_UDB-9_vae_6577	E150024856_L01_UDB-9	I
E150024856_L01_UDB-9_vae_6577	A0342	E150024856_L01_UDB-9	I	E150024856_L01_UDB-168_aae_z_2972	E150024856_L01_UDB-168	I
E150024856_L01_UDB-9_vae_6577	A0342	E150024856_L01_UDB-9	I	E100079703_L01_UDB-100_aae_z_19205	E100079703_L01_UDB-100	M
E150024856_L01_UDB-9_vae_6577	A0342	E150024856_L01_UDB-9	I	E150024856_L01_UDB-61_SB_2	E150024856_L01_UDB-61	M
E150024856_L01_UDB-9_vae_6577	A0342	E150024856_L01_UDB-9	I	E150024856_L01_UDB-59_SB_263	E150024856_L01_UDB-59	M
E150024856_L01_UDB-9_vae_7805	A0343	E150024856_L01_UDB-9	I	E150024856_L01_UDB-9_vae_7805	E150024856_L01_UDB-9	I
E150024856_L01_UDB-9_vae_7805	A0343	E150024856_L01_UDB-9	I	E150024856_L01_UDB-186_vae_8733	E150024856_L01_UDB-186	I
E150024856_L01_UDB-9_vae_7805	A0343	E150024856_L01_UDB-9	I	E150024856_L01_UDB-45_SB_22	E150024856_L01_UDB-45	I
E150024856_L01_UDB-9_vae_869	A0344	E150024856_L01_UDB-9	I	E150024856_L01_UDB-9_vae_869	E150024856_L01_UDB-9	I
E150024856_L01_UDB-9_vae_869	A0344	E150024856_L01_UDB-9	I	E100079703_L01_UDB-150_aae_z_3177	E100079703_L01_UDB-150	I
E150024856_L01_UDB-9_vae_869	A0344	E150024856_L01_UDB-9	I	E150024856_L01_UDB-45_aae_z_17264	E150024856_L01_UDB-45	I
E150024856_L01_UDB-9_vae_869	A0344	E150024856_L01_UDB-9	I	E150024856_L01_UDB-60_SB_31	E150024856_L01_UDB-60	M
E150024856_L01_UDB-9_vae_869	A0344	E150024856_L01_UDB-9	I	E150024856_L01_UDB-61_SB_276	E150024856_L01_UDB-61	M
E150024856_L01_UDB-9_vae_869	A0344	E150024856_L01_UDB-9	I	E150024856_L01_UDB-64_SB_11	E150024856_L01_UDB-64	M
